-- phpMyAdmin SQL Dump
-- version 5.1.1
-- https://www.phpmyadmin.net/
--
-- Хост: localhost
-- Время создания: Ноя 29 2021 г., 22:02
-- Версия сервера: 10.4.20-MariaDB
-- Версия PHP: 7.3.29

SET SQL_MODE = "NO_AUTO_VALUE_ON_ZERO";
START TRANSACTION;
SET time_zone = "+00:00";


/*!40101 SET @OLD_CHARACTER_SET_CLIENT=@@CHARACTER_SET_CLIENT */;
/*!40101 SET @OLD_CHARACTER_SET_RESULTS=@@CHARACTER_SET_RESULTS */;
/*!40101 SET @OLD_COLLATION_CONNECTION=@@COLLATION_CONNECTION */;
/*!40101 SET NAMES utf8mb4 */;

--
-- База данных: `caligraph`
--

-- --------------------------------------------------------

--
-- Структура таблицы `cali_apartments`
--

CREATE TABLE `cali_apartments` (
  `id` int(11) NOT NULL,
  `floor_num` varchar(24) COLLATE utf8mb4_unicode_ci NOT NULL,
  `num` varchar(24) COLLATE utf8mb4_unicode_ci DEFAULT NULL,
  `status` smallint(6) NOT NULL DEFAULT 0
) ENGINE=InnoDB DEFAULT CHARSET=utf8mb4 COLLATE=utf8mb4_unicode_ci;

-- --------------------------------------------------------

--
-- Структура таблицы `cali_apartments_a`
--

CREATE TABLE `cali_apartments_a` (
  `id` int(11) NOT NULL,
  `floor_num` tinyint(3) NOT NULL,
  `num` smallint(6) NOT NULL,
  `money` decimal(19,4) DEFAULT NULL,
  `total_area` float DEFAULT NULL,
  `living_space` float DEFAULT NULL,
  `balcony_area` float DEFAULT NULL,
  `ru` text COLLATE utf8mb4_unicode_ci DEFAULT NULL,
  `en` text COLLATE utf8mb4_unicode_ci DEFAULT NULL,
  `ge` text COLLATE utf8mb4_unicode_ci DEFAULT NULL,
  `he` text COLLATE utf8mb4_unicode_ci DEFAULT NULL,
  `status` tinyint(3) NOT NULL DEFAULT 0
) ENGINE=InnoDB DEFAULT CHARSET=utf8mb4 COLLATE=utf8mb4_unicode_ci;

--
-- Дамп данных таблицы `cali_apartments_a`
--

INSERT INTO `cali_apartments_a` (`id`, `floor_num`, `num`, `money`, `total_area`, `living_space`, `balcony_area`, `ru`, `en`, `ge`, `he`, `status`) VALUES
(1, 11, 1101, '40040.0000', 28.6, 24.5, 4.1, 'sea view', NULL, NULL, NULL, 0),
(2, 11, 1102, '40460.0000', 28.9, 24.1, 4.8, 'sea view', NULL, NULL, NULL, 0),
(3, 11, 1103, '40460.0000', 28.9, 24.1, 4.8, 'sea view', NULL, NULL, NULL, 0),
(4, 11, 1104, '40460.0000', 28.9, 24.1, 4.8, 'sea view', NULL, NULL, NULL, 0),
(5, 11, 1105, '40460.0000', 28.9, 24.1, 4.8, 'sea view', NULL, NULL, NULL, 0),
(6, 11, 1106, '40460.0000', 28.9, 24.1, 4.8, 'sea view', NULL, NULL, NULL, 0),
(7, 11, 1107, '40460.0000', 28.9, 24.1, 4.8, 'sea view', NULL, NULL, NULL, 0),
(8, 11, 1108, '40460.0000', 28.9, 24.1, 4.8, 'sea view', NULL, NULL, NULL, 0),
(9, 11, 1109, '40460.0000', 28.9, 24.1, 4.8, 'sea view', NULL, NULL, NULL, 0),
(10, 11, 1110, '40460.0000', 28.9, 24.1, 4.8, 'sea view', NULL, NULL, NULL, 0),
(11, 11, 1111, '88340.0000', 63.1, 53.6, 9.5, 'sea view', NULL, NULL, NULL, 0),
(12, 11, 1112, '82030.0000', 63.1, 53.6, 9.5, 'mountain view', NULL, NULL, NULL, 0),
(13, 11, 1113, '37570.0000', 28.9, 24.1, 4.8, 'mountain view', NULL, NULL, NULL, 0),
(14, 11, 1114, '39130.0000', 30.1, 24.2, 5.9, 'mountain view', NULL, NULL, NULL, 0),
(15, 11, 1115, '36920.0000', 28.4, 23.8, 4.6, 'mountain view', NULL, NULL, NULL, 0),
(16, 11, 1116, '37570.0000', 28.9, 24.1, 4.8, 'mountain view', NULL, NULL, NULL, 0),
(17, 11, 1117, '38870.0000', 29.9, 25, 4.9, 'mountain view', NULL, NULL, NULL, 0),
(18, 12, 1201, '40320.0000', 28.8, 24.7, 4.1, NULL, NULL, NULL, NULL, 0),
(19, 12, 1202, '40460.0000', 28.9, 24.1, 4.8, NULL, NULL, NULL, NULL, 0),
(20, 12, 1203, '40460.0000', 28.9, 24.1, 4.8, NULL, NULL, NULL, NULL, 0),
(21, 12, 1204, '40460.0000', 28.9, 24.1, 4.8, NULL, NULL, NULL, NULL, 0),
(22, 12, 1205, '40460.0000', 28.9, 24.1, 4.8, NULL, NULL, NULL, NULL, 0),
(23, 12, 1206, '40460.0000', 28.9, 24.1, 4.8, NULL, NULL, NULL, NULL, 0),
(24, 12, 1207, '40460.0000', 28.9, 24.1, 4.8, NULL, NULL, NULL, NULL, 0),
(25, 12, 1208, '40460.0000', 28.9, 24.1, 4.8, NULL, NULL, NULL, NULL, 0),
(26, 12, 1209, '40460.0000', 28.9, 24.1, 4.8, NULL, NULL, NULL, NULL, 0),
(27, 12, 1210, '40460.0000', 28.9, 24.1, 4.8, NULL, NULL, NULL, NULL, 0),
(28, 12, 1211, '88480.0000', 63.2, 53.7, 9.5, NULL, NULL, NULL, NULL, 0),
(29, 12, 1212, '82160.0000', 63.2, 53.7, 9.5, NULL, NULL, NULL, NULL, 0),
(30, 12, 1213, '37570.0000', 28.9, 24.1, 4.8, NULL, NULL, NULL, NULL, 0),
(31, 12, 1214, '37700.0000', 29, 24.2, 4.8, NULL, NULL, NULL, NULL, 0),
(32, 12, 1215, '70720.0000', 54.4, 45.9, 8.5, NULL, NULL, NULL, NULL, 0),
(33, 12, 1216, '36920.0000', 28.4, 23.8, 4.6, NULL, NULL, NULL, NULL, 0),
(34, 12, 1217, '37570.0000', 28.9, 24.1, 4.8, NULL, NULL, NULL, NULL, 0),
(35, 12, 1218, '39000.0000', 30, 25.1, 4.9, NULL, NULL, NULL, NULL, 0),
(36, 13, 1301, NULL, NULL, NULL, NULL, NULL, NULL, NULL, NULL, 0),
(37, 13, 1302, NULL, NULL, NULL, NULL, NULL, NULL, NULL, NULL, 0),
(38, 13, 1303, NULL, NULL, NULL, NULL, NULL, NULL, NULL, NULL, 0),
(39, 13, 1304, NULL, NULL, NULL, NULL, NULL, NULL, NULL, NULL, 0),
(40, 13, 1305, NULL, NULL, NULL, NULL, NULL, NULL, NULL, NULL, 0),
(41, 13, 1306, NULL, NULL, NULL, NULL, NULL, NULL, NULL, NULL, 0),
(42, 13, 1307, NULL, NULL, NULL, NULL, NULL, NULL, NULL, NULL, 0),
(43, 13, 1308, NULL, NULL, NULL, NULL, NULL, NULL, NULL, NULL, 0),
(44, 13, 1309, NULL, NULL, NULL, NULL, NULL, NULL, NULL, NULL, 0),
(45, 13, 1310, NULL, NULL, NULL, NULL, NULL, NULL, NULL, NULL, 0),
(46, 13, 1311, NULL, NULL, NULL, NULL, NULL, NULL, NULL, NULL, 0),
(47, 13, 1312, NULL, NULL, NULL, NULL, NULL, NULL, NULL, NULL, 0),
(48, 13, 1313, NULL, NULL, NULL, NULL, NULL, NULL, NULL, NULL, 0),
(49, 13, 1314, NULL, NULL, NULL, NULL, NULL, NULL, NULL, NULL, 0),
(50, 13, 1315, NULL, NULL, NULL, NULL, NULL, NULL, NULL, NULL, 0),
(51, 13, 1316, NULL, NULL, NULL, NULL, NULL, NULL, NULL, NULL, 0),
(52, 13, 1317, NULL, NULL, NULL, NULL, NULL, NULL, NULL, NULL, 0),
(53, 13, 1318, NULL, NULL, NULL, NULL, NULL, NULL, NULL, NULL, 0),
(54, 14, 1401, NULL, NULL, NULL, NULL, NULL, NULL, NULL, NULL, 0),
(55, 14, 1402, NULL, NULL, NULL, NULL, NULL, NULL, NULL, NULL, 0),
(56, 14, 1403, NULL, NULL, NULL, NULL, NULL, NULL, NULL, NULL, 0),
(57, 14, 1404, NULL, NULL, NULL, NULL, NULL, NULL, NULL, NULL, 0),
(58, 14, 1405, NULL, NULL, NULL, NULL, NULL, NULL, NULL, NULL, 0),
(59, 14, 1406, NULL, NULL, NULL, NULL, NULL, NULL, NULL, NULL, 0),
(60, 14, 1407, NULL, NULL, NULL, NULL, NULL, NULL, NULL, NULL, 0),
(61, 14, 1408, NULL, NULL, NULL, NULL, NULL, NULL, NULL, NULL, 0),
(62, 14, 1409, NULL, NULL, NULL, NULL, NULL, NULL, NULL, NULL, 0),
(63, 14, 1410, NULL, NULL, NULL, NULL, NULL, NULL, NULL, NULL, 0),
(64, 14, 1411, NULL, NULL, NULL, NULL, NULL, NULL, NULL, NULL, 0),
(65, 14, 1412, NULL, NULL, NULL, NULL, NULL, NULL, NULL, NULL, 0),
(66, 14, 1413, NULL, NULL, NULL, NULL, NULL, NULL, NULL, NULL, 0),
(67, 14, 1414, NULL, NULL, NULL, NULL, NULL, NULL, NULL, NULL, 0),
(68, 14, 1415, NULL, NULL, NULL, NULL, NULL, NULL, NULL, NULL, 0),
(69, 14, 1416, NULL, NULL, NULL, NULL, NULL, NULL, NULL, NULL, 0),
(70, 14, 1417, NULL, NULL, NULL, NULL, NULL, NULL, NULL, NULL, 0),
(71, 14, 1418, NULL, NULL, NULL, NULL, NULL, NULL, NULL, NULL, 0),
(72, 15, 1501, NULL, NULL, NULL, NULL, NULL, NULL, NULL, NULL, 0),
(73, 15, 1502, NULL, NULL, NULL, NULL, NULL, NULL, NULL, NULL, 0),
(74, 15, 1503, NULL, NULL, NULL, NULL, NULL, NULL, NULL, NULL, 0),
(75, 15, 1504, NULL, NULL, NULL, NULL, NULL, NULL, NULL, NULL, 0),
(76, 15, 1505, NULL, NULL, NULL, NULL, NULL, NULL, NULL, NULL, 0),
(77, 15, 1506, NULL, NULL, NULL, NULL, NULL, NULL, NULL, NULL, 0),
(78, 15, 1507, NULL, NULL, NULL, NULL, NULL, NULL, NULL, NULL, 0),
(79, 15, 1508, NULL, NULL, NULL, NULL, NULL, NULL, NULL, NULL, 0),
(80, 15, 1509, NULL, NULL, NULL, NULL, NULL, NULL, NULL, NULL, 0),
(81, 15, 1510, NULL, NULL, NULL, NULL, NULL, NULL, NULL, NULL, 0),
(82, 15, 1511, NULL, NULL, NULL, NULL, NULL, NULL, NULL, NULL, 0),
(83, 15, 1512, NULL, NULL, NULL, NULL, NULL, NULL, NULL, NULL, 0),
(84, 15, 1513, NULL, NULL, NULL, NULL, NULL, NULL, NULL, NULL, 0),
(85, 15, 1514, NULL, NULL, NULL, NULL, NULL, NULL, NULL, NULL, 0),
(86, 15, 1515, NULL, NULL, NULL, NULL, NULL, NULL, NULL, NULL, 0),
(87, 15, 1516, NULL, NULL, NULL, NULL, NULL, NULL, NULL, NULL, 0),
(88, 15, 1517, NULL, NULL, NULL, NULL, NULL, NULL, NULL, NULL, 0),
(89, 15, 1518, NULL, NULL, NULL, NULL, NULL, NULL, NULL, NULL, 0),
(90, 16, 1601, NULL, NULL, NULL, NULL, NULL, NULL, NULL, NULL, 0),
(91, 16, 1602, NULL, NULL, NULL, NULL, NULL, NULL, NULL, NULL, 0),
(92, 16, 1603, NULL, NULL, NULL, NULL, NULL, NULL, NULL, NULL, 0),
(93, 16, 1604, NULL, NULL, NULL, NULL, NULL, NULL, NULL, NULL, 0),
(94, 16, 1605, NULL, NULL, NULL, NULL, NULL, NULL, NULL, NULL, 0),
(95, 16, 1606, NULL, NULL, NULL, NULL, NULL, NULL, NULL, NULL, 0),
(96, 16, 1607, NULL, NULL, NULL, NULL, NULL, NULL, NULL, NULL, 0),
(97, 16, 1608, NULL, NULL, NULL, NULL, NULL, NULL, NULL, NULL, 0),
(98, 16, 1609, NULL, NULL, NULL, NULL, NULL, NULL, NULL, NULL, 0),
(99, 16, 1610, NULL, NULL, NULL, NULL, NULL, NULL, NULL, NULL, 0),
(100, 16, 1611, NULL, NULL, NULL, NULL, NULL, NULL, NULL, NULL, 0),
(101, 16, 1612, NULL, NULL, NULL, NULL, NULL, NULL, NULL, NULL, 0),
(102, 16, 1613, NULL, NULL, NULL, NULL, NULL, NULL, NULL, NULL, 0),
(103, 16, 1614, NULL, NULL, NULL, NULL, NULL, NULL, NULL, NULL, 0),
(104, 16, 1615, NULL, NULL, NULL, NULL, NULL, NULL, NULL, NULL, 0),
(105, 16, 1616, NULL, NULL, NULL, NULL, NULL, NULL, NULL, NULL, 0),
(106, 16, 1617, NULL, NULL, NULL, NULL, NULL, NULL, NULL, NULL, 0),
(107, 16, 1618, NULL, NULL, NULL, NULL, NULL, NULL, NULL, NULL, 0),
(108, 17, 1701, NULL, NULL, NULL, NULL, NULL, NULL, NULL, NULL, 0),
(109, 17, 1702, NULL, NULL, NULL, NULL, NULL, NULL, NULL, NULL, 0),
(110, 17, 1703, NULL, NULL, NULL, NULL, NULL, NULL, NULL, NULL, 0),
(111, 17, 1704, NULL, NULL, NULL, NULL, NULL, NULL, NULL, NULL, 0),
(112, 17, 1705, NULL, NULL, NULL, NULL, NULL, NULL, NULL, NULL, 0),
(113, 17, 1706, NULL, NULL, NULL, NULL, NULL, NULL, NULL, NULL, 0),
(114, 17, 1707, NULL, NULL, NULL, NULL, NULL, NULL, NULL, NULL, 0),
(115, 17, 1708, NULL, NULL, NULL, NULL, NULL, NULL, NULL, NULL, 0),
(116, 17, 1709, NULL, NULL, NULL, NULL, NULL, NULL, NULL, NULL, 0),
(117, 17, 1710, NULL, NULL, NULL, NULL, NULL, NULL, NULL, NULL, 0),
(118, 17, 1711, NULL, NULL, NULL, NULL, NULL, NULL, NULL, NULL, 0),
(119, 17, 1712, NULL, NULL, NULL, NULL, NULL, NULL, NULL, NULL, 0),
(120, 17, 1713, NULL, NULL, NULL, NULL, NULL, NULL, NULL, NULL, 0),
(121, 17, 1714, NULL, NULL, NULL, NULL, NULL, NULL, NULL, NULL, 0),
(122, 17, 1715, NULL, NULL, NULL, NULL, NULL, NULL, NULL, NULL, 0),
(123, 17, 1716, NULL, NULL, NULL, NULL, NULL, NULL, NULL, NULL, 0),
(124, 17, 1717, NULL, NULL, NULL, NULL, NULL, NULL, NULL, NULL, 0),
(125, 17, 1718, NULL, NULL, NULL, NULL, NULL, NULL, NULL, NULL, 0),
(126, 18, 1801, NULL, NULL, NULL, NULL, NULL, NULL, NULL, NULL, 0),
(127, 18, 1802, NULL, NULL, NULL, NULL, NULL, NULL, NULL, NULL, 0),
(128, 18, 1803, NULL, NULL, NULL, NULL, NULL, NULL, NULL, NULL, 0),
(129, 18, 1804, NULL, NULL, NULL, NULL, NULL, NULL, NULL, NULL, 0),
(130, 18, 1805, NULL, NULL, NULL, NULL, NULL, NULL, NULL, NULL, 0),
(131, 18, 1806, NULL, NULL, NULL, NULL, NULL, NULL, NULL, NULL, 0),
(132, 18, 1807, NULL, NULL, NULL, NULL, NULL, NULL, NULL, NULL, 0),
(133, 18, 1808, NULL, NULL, NULL, NULL, NULL, NULL, NULL, NULL, 0),
(134, 18, 1809, NULL, NULL, NULL, NULL, NULL, NULL, NULL, NULL, 0),
(135, 18, 1810, NULL, NULL, NULL, NULL, NULL, NULL, NULL, NULL, 0),
(136, 18, 1811, NULL, NULL, NULL, NULL, NULL, NULL, NULL, NULL, 0),
(137, 18, 1812, NULL, NULL, NULL, NULL, NULL, NULL, NULL, NULL, 0),
(138, 18, 1813, NULL, NULL, NULL, NULL, NULL, NULL, NULL, NULL, 0),
(139, 18, 1814, NULL, NULL, NULL, NULL, NULL, NULL, NULL, NULL, 0),
(140, 18, 1815, NULL, NULL, NULL, NULL, NULL, NULL, NULL, NULL, 0),
(141, 18, 1816, NULL, NULL, NULL, NULL, NULL, NULL, NULL, NULL, 0),
(142, 18, 1817, NULL, NULL, NULL, NULL, NULL, NULL, NULL, NULL, 0),
(143, 18, 1818, NULL, NULL, NULL, NULL, NULL, NULL, NULL, NULL, 0),
(144, 19, 1901, NULL, NULL, NULL, NULL, NULL, NULL, NULL, NULL, 0),
(145, 19, 1902, NULL, NULL, NULL, NULL, NULL, NULL, NULL, NULL, 0),
(146, 19, 1903, NULL, NULL, NULL, NULL, NULL, NULL, NULL, NULL, 0),
(147, 19, 1904, NULL, NULL, NULL, NULL, NULL, NULL, NULL, NULL, 0),
(148, 19, 1905, NULL, NULL, NULL, NULL, NULL, NULL, NULL, NULL, 0),
(149, 19, 1906, NULL, NULL, NULL, NULL, NULL, NULL, NULL, NULL, 0),
(150, 19, 1907, NULL, NULL, NULL, NULL, NULL, NULL, NULL, NULL, 0),
(151, 19, 1908, NULL, NULL, NULL, NULL, NULL, NULL, NULL, NULL, 0),
(152, 19, 1909, NULL, NULL, NULL, NULL, NULL, NULL, NULL, NULL, 0),
(153, 19, 1910, NULL, NULL, NULL, NULL, NULL, NULL, NULL, NULL, 0),
(154, 19, 1911, NULL, NULL, NULL, NULL, NULL, NULL, NULL, NULL, 0),
(155, 19, 1912, NULL, NULL, NULL, NULL, NULL, NULL, NULL, NULL, 0),
(156, 19, 1913, NULL, NULL, NULL, NULL, NULL, NULL, NULL, NULL, 0),
(157, 19, 1914, NULL, NULL, NULL, NULL, NULL, NULL, NULL, NULL, 0),
(158, 19, 1915, NULL, NULL, NULL, NULL, NULL, NULL, NULL, NULL, 0),
(159, 19, 1916, NULL, NULL, NULL, NULL, NULL, NULL, NULL, NULL, 0),
(160, 19, 1917, NULL, NULL, NULL, NULL, NULL, NULL, NULL, NULL, 0),
(161, 19, 1918, NULL, NULL, NULL, NULL, NULL, NULL, NULL, NULL, 0),
(162, 20, 2001, NULL, NULL, NULL, NULL, NULL, NULL, NULL, NULL, 0),
(163, 20, 2002, NULL, NULL, NULL, NULL, NULL, NULL, NULL, NULL, 0),
(164, 20, 2003, NULL, NULL, NULL, NULL, NULL, NULL, NULL, NULL, 0),
(165, 20, 2004, NULL, NULL, NULL, NULL, NULL, NULL, NULL, NULL, 0),
(166, 20, 2005, NULL, NULL, NULL, NULL, NULL, NULL, NULL, NULL, 0),
(167, 20, 2006, NULL, NULL, NULL, NULL, NULL, NULL, NULL, NULL, 0),
(168, 20, 2007, NULL, NULL, NULL, NULL, NULL, NULL, NULL, NULL, 0),
(169, 20, 2008, NULL, NULL, NULL, NULL, NULL, NULL, NULL, NULL, 0),
(170, 20, 2009, NULL, NULL, NULL, NULL, NULL, NULL, NULL, NULL, 0),
(171, 20, 2010, NULL, NULL, NULL, NULL, NULL, NULL, NULL, NULL, 0),
(172, 20, 2011, NULL, NULL, NULL, NULL, NULL, NULL, NULL, NULL, 0),
(173, 20, 2012, NULL, NULL, NULL, NULL, NULL, NULL, NULL, NULL, 0),
(174, 20, 2013, NULL, NULL, NULL, NULL, NULL, NULL, NULL, NULL, 0),
(175, 20, 2014, NULL, NULL, NULL, NULL, NULL, NULL, NULL, NULL, 0),
(176, 20, 2015, NULL, NULL, NULL, NULL, NULL, NULL, NULL, NULL, 0),
(177, 20, 2016, NULL, NULL, NULL, NULL, NULL, NULL, NULL, NULL, 0),
(178, 20, 2017, NULL, NULL, NULL, NULL, NULL, NULL, NULL, NULL, 0),
(179, 20, 2018, NULL, NULL, NULL, NULL, NULL, NULL, NULL, NULL, 0),
(180, 21, 2101, NULL, NULL, NULL, NULL, NULL, NULL, NULL, NULL, 0),
(181, 21, 2102, NULL, NULL, NULL, NULL, NULL, NULL, NULL, NULL, 0),
(182, 21, 2103, NULL, NULL, NULL, NULL, NULL, NULL, NULL, NULL, 0),
(183, 21, 2104, NULL, NULL, NULL, NULL, NULL, NULL, NULL, NULL, 0),
(184, 21, 2105, NULL, NULL, NULL, NULL, NULL, NULL, NULL, NULL, 0),
(185, 21, 2106, NULL, NULL, NULL, NULL, NULL, NULL, NULL, NULL, 0),
(186, 21, 2107, NULL, NULL, NULL, NULL, NULL, NULL, NULL, NULL, 0),
(187, 21, 2108, NULL, NULL, NULL, NULL, NULL, NULL, NULL, NULL, 0),
(188, 21, 2109, NULL, NULL, NULL, NULL, NULL, NULL, NULL, NULL, 0),
(189, 21, 2110, NULL, NULL, NULL, NULL, NULL, NULL, NULL, NULL, 0),
(190, 21, 2111, NULL, NULL, NULL, NULL, NULL, NULL, NULL, NULL, 0),
(191, 21, 2112, NULL, NULL, NULL, NULL, NULL, NULL, NULL, NULL, 0),
(192, 21, 2113, NULL, NULL, NULL, NULL, NULL, NULL, NULL, NULL, 0),
(193, 21, 2114, NULL, NULL, NULL, NULL, NULL, NULL, NULL, NULL, 0),
(194, 21, 2115, NULL, NULL, NULL, NULL, NULL, NULL, NULL, NULL, 0),
(195, 21, 2116, NULL, NULL, NULL, NULL, NULL, NULL, NULL, NULL, 0),
(196, 21, 2117, NULL, NULL, NULL, NULL, NULL, NULL, NULL, NULL, 0),
(197, 21, 2118, NULL, NULL, NULL, NULL, NULL, NULL, NULL, NULL, 0),
(198, 22, 2201, NULL, NULL, NULL, NULL, NULL, NULL, NULL, NULL, 0),
(199, 22, 2202, NULL, NULL, NULL, NULL, NULL, NULL, NULL, NULL, 0),
(200, 22, 2203, NULL, NULL, NULL, NULL, NULL, NULL, NULL, NULL, 0),
(201, 22, 2204, NULL, NULL, NULL, NULL, NULL, NULL, NULL, NULL, 0),
(202, 22, 2205, NULL, NULL, NULL, NULL, NULL, NULL, NULL, NULL, 0),
(203, 22, 2206, NULL, NULL, NULL, NULL, NULL, NULL, NULL, NULL, 0),
(204, 22, 2207, NULL, NULL, NULL, NULL, NULL, NULL, NULL, NULL, 0),
(205, 22, 2208, NULL, NULL, NULL, NULL, NULL, NULL, NULL, NULL, 0),
(206, 22, 2209, NULL, NULL, NULL, NULL, NULL, NULL, NULL, NULL, 0),
(207, 22, 2210, NULL, NULL, NULL, NULL, NULL, NULL, NULL, NULL, 0),
(208, 22, 2211, NULL, NULL, NULL, NULL, NULL, NULL, NULL, NULL, 0),
(209, 22, 2212, NULL, NULL, NULL, NULL, NULL, NULL, NULL, NULL, 0),
(210, 22, 2213, NULL, NULL, NULL, NULL, NULL, NULL, NULL, NULL, 0),
(211, 22, 2214, NULL, NULL, NULL, NULL, NULL, NULL, NULL, NULL, 0),
(212, 22, 2215, NULL, NULL, NULL, NULL, NULL, NULL, NULL, NULL, 0),
(213, 22, 2216, NULL, NULL, NULL, NULL, NULL, NULL, NULL, NULL, 0),
(214, 22, 2217, NULL, NULL, NULL, NULL, NULL, NULL, NULL, NULL, 0),
(215, 22, 2218, NULL, NULL, NULL, NULL, NULL, NULL, NULL, NULL, 0),
(216, 23, 2301, NULL, NULL, NULL, NULL, NULL, NULL, NULL, NULL, 0),
(217, 23, 2302, NULL, NULL, NULL, NULL, NULL, NULL, NULL, NULL, 0),
(218, 23, 2303, NULL, NULL, NULL, NULL, NULL, NULL, NULL, NULL, 0),
(219, 23, 2304, NULL, NULL, NULL, NULL, NULL, NULL, NULL, NULL, 0),
(220, 23, 2305, NULL, NULL, NULL, NULL, NULL, NULL, NULL, NULL, 0),
(221, 23, 2306, NULL, NULL, NULL, NULL, NULL, NULL, NULL, NULL, 0),
(222, 23, 2307, NULL, NULL, NULL, NULL, NULL, NULL, NULL, NULL, 0),
(223, 23, 2308, NULL, NULL, NULL, NULL, NULL, NULL, NULL, NULL, 0),
(224, 23, 2309, NULL, NULL, NULL, NULL, NULL, NULL, NULL, NULL, 0),
(225, 23, 2310, NULL, NULL, NULL, NULL, NULL, NULL, NULL, NULL, 0),
(226, 23, 2311, NULL, NULL, NULL, NULL, NULL, NULL, NULL, NULL, 0),
(227, 23, 2312, NULL, NULL, NULL, NULL, NULL, NULL, NULL, NULL, 0),
(228, 23, 2313, NULL, NULL, NULL, NULL, NULL, NULL, NULL, NULL, 0),
(229, 23, 2314, NULL, NULL, NULL, NULL, NULL, NULL, NULL, NULL, 0),
(230, 23, 2315, NULL, NULL, NULL, NULL, NULL, NULL, NULL, NULL, 0),
(231, 23, 2316, NULL, NULL, NULL, NULL, NULL, NULL, NULL, NULL, 0),
(232, 23, 2317, NULL, NULL, NULL, NULL, NULL, NULL, NULL, NULL, 0),
(233, 23, 2318, NULL, NULL, NULL, NULL, NULL, NULL, NULL, NULL, 0),
(234, 24, 2401, NULL, NULL, NULL, NULL, NULL, NULL, NULL, NULL, 0),
(235, 24, 2402, NULL, NULL, NULL, NULL, NULL, NULL, NULL, NULL, 0),
(236, 24, 2403, NULL, NULL, NULL, NULL, NULL, NULL, NULL, NULL, 0),
(237, 24, 2404, NULL, NULL, NULL, NULL, NULL, NULL, NULL, NULL, 0),
(238, 24, 2405, NULL, NULL, NULL, NULL, NULL, NULL, NULL, NULL, 0),
(239, 24, 2406, NULL, NULL, NULL, NULL, NULL, NULL, NULL, NULL, 0),
(240, 24, 2407, NULL, NULL, NULL, NULL, NULL, NULL, NULL, NULL, 0),
(241, 24, 2408, NULL, NULL, NULL, NULL, NULL, NULL, NULL, NULL, 0),
(242, 24, 2409, NULL, NULL, NULL, NULL, NULL, NULL, NULL, NULL, 0),
(243, 24, 2410, NULL, NULL, NULL, NULL, NULL, NULL, NULL, NULL, 0),
(244, 24, 2411, NULL, NULL, NULL, NULL, NULL, NULL, NULL, NULL, 0),
(245, 24, 2412, NULL, NULL, NULL, NULL, NULL, NULL, NULL, NULL, 0),
(246, 24, 2413, NULL, NULL, NULL, NULL, NULL, NULL, NULL, NULL, 0),
(247, 24, 2414, NULL, NULL, NULL, NULL, NULL, NULL, NULL, NULL, 0),
(248, 24, 2415, NULL, NULL, NULL, NULL, NULL, NULL, NULL, NULL, 0),
(249, 24, 2416, NULL, NULL, NULL, NULL, NULL, NULL, NULL, NULL, 0),
(250, 24, 2417, NULL, NULL, NULL, NULL, NULL, NULL, NULL, NULL, 0),
(251, 24, 2418, NULL, NULL, NULL, NULL, NULL, NULL, NULL, NULL, 0),
(252, 25, 2501, NULL, NULL, NULL, NULL, NULL, NULL, NULL, NULL, 0),
(253, 25, 2502, NULL, NULL, NULL, NULL, NULL, NULL, NULL, NULL, 0),
(254, 25, 2503, NULL, NULL, NULL, NULL, NULL, NULL, NULL, NULL, 0),
(255, 25, 2504, NULL, NULL, NULL, NULL, NULL, NULL, NULL, NULL, 0),
(256, 25, 2505, NULL, NULL, NULL, NULL, NULL, NULL, NULL, NULL, 0),
(257, 25, 2506, NULL, NULL, NULL, NULL, NULL, NULL, NULL, NULL, 0),
(258, 25, 2507, NULL, NULL, NULL, NULL, NULL, NULL, NULL, NULL, 0),
(259, 25, 2508, NULL, NULL, NULL, NULL, NULL, NULL, NULL, NULL, 0),
(260, 25, 2509, NULL, NULL, NULL, NULL, NULL, NULL, NULL, NULL, 0),
(261, 25, 2510, NULL, NULL, NULL, NULL, NULL, NULL, NULL, NULL, 0),
(262, 25, 2511, NULL, NULL, NULL, NULL, NULL, NULL, NULL, NULL, 0),
(263, 25, 2512, NULL, NULL, NULL, NULL, NULL, NULL, NULL, NULL, 0),
(264, 25, 2513, NULL, NULL, NULL, NULL, NULL, NULL, NULL, NULL, 0),
(265, 25, 2514, NULL, NULL, NULL, NULL, NULL, NULL, NULL, NULL, 0),
(266, 25, 2515, NULL, NULL, NULL, NULL, NULL, NULL, NULL, NULL, 0),
(267, 25, 2516, NULL, NULL, NULL, NULL, NULL, NULL, NULL, NULL, 0),
(268, 25, 2517, NULL, NULL, NULL, NULL, NULL, NULL, NULL, NULL, 0),
(269, 25, 2518, NULL, NULL, NULL, NULL, NULL, NULL, NULL, NULL, 0),
(270, 26, 2601, NULL, NULL, NULL, NULL, NULL, NULL, NULL, NULL, 0),
(271, 26, 2602, NULL, NULL, NULL, NULL, NULL, NULL, NULL, NULL, 0),
(272, 26, 2603, NULL, NULL, NULL, NULL, NULL, NULL, NULL, NULL, 0),
(273, 26, 2604, NULL, NULL, NULL, NULL, NULL, NULL, NULL, NULL, 0),
(274, 26, 2605, NULL, NULL, NULL, NULL, NULL, NULL, NULL, NULL, 0),
(275, 26, 2606, NULL, NULL, NULL, NULL, NULL, NULL, NULL, NULL, 0),
(276, 26, 2607, NULL, NULL, NULL, NULL, NULL, NULL, NULL, NULL, 0),
(277, 26, 2608, NULL, NULL, NULL, NULL, NULL, NULL, NULL, NULL, 0),
(278, 26, 2609, NULL, NULL, NULL, NULL, NULL, NULL, NULL, NULL, 0),
(279, 26, 2610, NULL, NULL, NULL, NULL, NULL, NULL, NULL, NULL, 0),
(280, 26, 2611, NULL, NULL, NULL, NULL, NULL, NULL, NULL, NULL, 0),
(281, 26, 2612, NULL, NULL, NULL, NULL, NULL, NULL, NULL, NULL, 0),
(282, 26, 2613, NULL, NULL, NULL, NULL, NULL, NULL, NULL, NULL, 0),
(283, 26, 2614, NULL, NULL, NULL, NULL, NULL, NULL, NULL, NULL, 0),
(284, 26, 2615, NULL, NULL, NULL, NULL, NULL, NULL, NULL, NULL, 0),
(285, 26, 2616, NULL, NULL, NULL, NULL, NULL, NULL, NULL, NULL, 0),
(286, 26, 2617, NULL, NULL, NULL, NULL, NULL, NULL, NULL, NULL, 0),
(287, 26, 2618, NULL, NULL, NULL, NULL, NULL, NULL, NULL, NULL, 0),
(288, 27, 2701, NULL, NULL, NULL, NULL, NULL, NULL, NULL, NULL, 0),
(289, 27, 2702, NULL, NULL, NULL, NULL, NULL, NULL, NULL, NULL, 0),
(290, 27, 2703, NULL, NULL, NULL, NULL, NULL, NULL, NULL, NULL, 0),
(291, 27, 2704, NULL, NULL, NULL, NULL, NULL, NULL, NULL, NULL, 0),
(292, 27, 2705, NULL, NULL, NULL, NULL, NULL, NULL, NULL, NULL, 0),
(293, 27, 2706, NULL, NULL, NULL, NULL, NULL, NULL, NULL, NULL, 0),
(294, 27, 2707, NULL, NULL, NULL, NULL, NULL, NULL, NULL, NULL, 0),
(295, 27, 2708, NULL, NULL, NULL, NULL, NULL, NULL, NULL, NULL, 0),
(296, 27, 2709, NULL, NULL, NULL, NULL, NULL, NULL, NULL, NULL, 0),
(297, 27, 2710, NULL, NULL, NULL, NULL, NULL, NULL, NULL, NULL, 0),
(298, 27, 2711, NULL, NULL, NULL, NULL, NULL, NULL, NULL, NULL, 0),
(299, 27, 2712, NULL, NULL, NULL, NULL, NULL, NULL, NULL, NULL, 0),
(300, 27, 2713, NULL, NULL, NULL, NULL, NULL, NULL, NULL, NULL, 0),
(301, 27, 2714, NULL, NULL, NULL, NULL, NULL, NULL, NULL, NULL, 0),
(302, 27, 2715, NULL, NULL, NULL, NULL, NULL, NULL, NULL, NULL, 0),
(303, 27, 2716, NULL, NULL, NULL, NULL, NULL, NULL, NULL, NULL, 0),
(304, 27, 2717, NULL, NULL, NULL, NULL, NULL, NULL, NULL, NULL, 0),
(305, 27, 2718, NULL, NULL, NULL, NULL, NULL, NULL, NULL, NULL, 0),
(306, 28, 2801, NULL, NULL, NULL, NULL, NULL, NULL, NULL, NULL, 0),
(307, 28, 2802, NULL, NULL, NULL, NULL, NULL, NULL, NULL, NULL, 0),
(308, 28, 2803, NULL, NULL, NULL, NULL, NULL, NULL, NULL, NULL, 0),
(309, 28, 2804, NULL, NULL, NULL, NULL, NULL, NULL, NULL, NULL, 0),
(310, 28, 2805, NULL, NULL, NULL, NULL, NULL, NULL, NULL, NULL, 0),
(311, 28, 2806, NULL, NULL, NULL, NULL, NULL, NULL, NULL, NULL, 0),
(312, 28, 2807, NULL, NULL, NULL, NULL, NULL, NULL, NULL, NULL, 0),
(313, 28, 2808, NULL, NULL, NULL, NULL, NULL, NULL, NULL, NULL, 0),
(314, 28, 2809, NULL, NULL, NULL, NULL, NULL, NULL, NULL, NULL, 0),
(315, 28, 2810, NULL, NULL, NULL, NULL, NULL, NULL, NULL, NULL, 0),
(316, 28, 2811, NULL, NULL, NULL, NULL, NULL, NULL, NULL, NULL, 0),
(317, 28, 2812, NULL, NULL, NULL, NULL, NULL, NULL, NULL, NULL, 0),
(318, 28, 2813, NULL, NULL, NULL, NULL, NULL, NULL, NULL, NULL, 0),
(319, 28, 2814, NULL, NULL, NULL, NULL, NULL, NULL, NULL, NULL, 0),
(320, 28, 2815, NULL, NULL, NULL, NULL, NULL, NULL, NULL, NULL, 0),
(321, 28, 2816, NULL, NULL, NULL, NULL, NULL, NULL, NULL, NULL, 0),
(322, 28, 2817, NULL, NULL, NULL, NULL, NULL, NULL, NULL, NULL, 0),
(323, 28, 2818, NULL, NULL, NULL, NULL, NULL, NULL, NULL, NULL, 0),
(324, 29, 2901, NULL, NULL, NULL, NULL, NULL, NULL, NULL, NULL, 0),
(325, 29, 2902, NULL, NULL, NULL, NULL, NULL, NULL, NULL, NULL, 0),
(326, 29, 2903, NULL, NULL, NULL, NULL, NULL, NULL, NULL, NULL, 0),
(327, 29, 2904, NULL, NULL, NULL, NULL, NULL, NULL, NULL, NULL, 0),
(328, 29, 2905, NULL, NULL, NULL, NULL, NULL, NULL, NULL, NULL, 0),
(329, 29, 2906, NULL, NULL, NULL, NULL, NULL, NULL, NULL, NULL, 0),
(330, 29, 2907, NULL, NULL, NULL, NULL, NULL, NULL, NULL, NULL, 0),
(331, 29, 2908, NULL, NULL, NULL, NULL, NULL, NULL, NULL, NULL, 0),
(332, 29, 2909, NULL, NULL, NULL, NULL, NULL, NULL, NULL, NULL, 0),
(333, 29, 2910, NULL, NULL, NULL, NULL, NULL, NULL, NULL, NULL, 0),
(334, 29, 2911, NULL, NULL, NULL, NULL, NULL, NULL, NULL, NULL, 0),
(335, 29, 2912, NULL, NULL, NULL, NULL, NULL, NULL, NULL, NULL, 0),
(336, 29, 2913, NULL, NULL, NULL, NULL, NULL, NULL, NULL, NULL, 0),
(337, 29, 2914, NULL, NULL, NULL, NULL, NULL, NULL, NULL, NULL, 0),
(338, 29, 2915, NULL, NULL, NULL, NULL, NULL, NULL, NULL, NULL, 0),
(339, 29, 2916, NULL, NULL, NULL, NULL, NULL, NULL, NULL, NULL, 0),
(340, 29, 2917, NULL, NULL, NULL, NULL, NULL, NULL, NULL, NULL, 0),
(341, 29, 2918, NULL, NULL, NULL, NULL, NULL, NULL, NULL, NULL, 0),
(342, 30, 3001, NULL, NULL, NULL, NULL, NULL, NULL, NULL, NULL, 0),
(343, 30, 3002, NULL, NULL, NULL, NULL, NULL, NULL, NULL, NULL, 0),
(344, 30, 3003, NULL, NULL, NULL, NULL, NULL, NULL, NULL, NULL, 0),
(345, 30, 3004, NULL, NULL, NULL, NULL, NULL, NULL, NULL, NULL, 0),
(346, 30, 3005, NULL, NULL, NULL, NULL, NULL, NULL, NULL, NULL, 0),
(347, 30, 3006, NULL, NULL, NULL, NULL, NULL, NULL, NULL, NULL, 0),
(348, 30, 3007, NULL, NULL, NULL, NULL, NULL, NULL, NULL, NULL, 0),
(349, 30, 3008, NULL, NULL, NULL, NULL, NULL, NULL, NULL, NULL, 0),
(350, 30, 3009, NULL, NULL, NULL, NULL, NULL, NULL, NULL, NULL, 0),
(351, 30, 3010, NULL, NULL, NULL, NULL, NULL, NULL, NULL, NULL, 0),
(352, 30, 3011, NULL, NULL, NULL, NULL, NULL, NULL, NULL, NULL, 0),
(353, 30, 3012, NULL, NULL, NULL, NULL, NULL, NULL, NULL, NULL, 0),
(354, 30, 3013, NULL, NULL, NULL, NULL, NULL, NULL, NULL, NULL, 0),
(355, 30, 3014, NULL, NULL, NULL, NULL, NULL, NULL, NULL, NULL, 0),
(356, 30, 3015, NULL, NULL, NULL, NULL, NULL, NULL, NULL, NULL, 0),
(357, 30, 3016, NULL, NULL, NULL, NULL, NULL, NULL, NULL, NULL, 0),
(358, 30, 3017, NULL, NULL, NULL, NULL, NULL, NULL, NULL, NULL, 0),
(359, 30, 3018, NULL, NULL, NULL, NULL, NULL, NULL, NULL, NULL, 0),
(360, 31, 3101, NULL, NULL, NULL, NULL, NULL, NULL, NULL, NULL, 0),
(361, 31, 3102, NULL, NULL, NULL, NULL, NULL, NULL, NULL, NULL, 0),
(362, 31, 3103, NULL, NULL, NULL, NULL, NULL, NULL, NULL, NULL, 0),
(363, 31, 3104, NULL, NULL, NULL, NULL, NULL, NULL, NULL, NULL, 0),
(364, 31, 3105, NULL, NULL, NULL, NULL, NULL, NULL, NULL, NULL, 0),
(365, 31, 3106, NULL, NULL, NULL, NULL, NULL, NULL, NULL, NULL, 0),
(366, 31, 3107, NULL, NULL, NULL, NULL, NULL, NULL, NULL, NULL, 0),
(367, 31, 3108, NULL, NULL, NULL, NULL, NULL, NULL, NULL, NULL, 0),
(368, 31, 3109, NULL, NULL, NULL, NULL, NULL, NULL, NULL, NULL, 0),
(369, 31, 3110, NULL, NULL, NULL, NULL, NULL, NULL, NULL, NULL, 0),
(370, 31, 3111, NULL, NULL, NULL, NULL, NULL, NULL, NULL, NULL, 0),
(371, 31, 3112, NULL, NULL, NULL, NULL, NULL, NULL, NULL, NULL, 0),
(372, 31, 3113, NULL, NULL, NULL, NULL, NULL, NULL, NULL, NULL, 0),
(373, 31, 3114, NULL, NULL, NULL, NULL, NULL, NULL, NULL, NULL, 0),
(374, 31, 3115, NULL, NULL, NULL, NULL, NULL, NULL, NULL, NULL, 0),
(375, 31, 3116, NULL, NULL, NULL, NULL, NULL, NULL, NULL, NULL, 0),
(376, 31, 3117, NULL, NULL, NULL, NULL, NULL, NULL, NULL, NULL, 0),
(377, 31, 3118, NULL, NULL, NULL, NULL, NULL, NULL, NULL, NULL, 0),
(378, 32, 3201, NULL, NULL, NULL, NULL, NULL, NULL, NULL, NULL, 0),
(379, 32, 3202, NULL, NULL, NULL, NULL, NULL, NULL, NULL, NULL, 0),
(380, 32, 3203, NULL, NULL, NULL, NULL, NULL, NULL, NULL, NULL, 0),
(381, 32, 3204, NULL, NULL, NULL, NULL, NULL, NULL, NULL, NULL, 0),
(382, 32, 3205, NULL, NULL, NULL, NULL, NULL, NULL, NULL, NULL, 0),
(383, 32, 3206, NULL, NULL, NULL, NULL, NULL, NULL, NULL, NULL, 0),
(384, 32, 3207, NULL, NULL, NULL, NULL, NULL, NULL, NULL, NULL, 0),
(385, 32, 3208, NULL, NULL, NULL, NULL, NULL, NULL, NULL, NULL, 0),
(386, 32, 3209, NULL, NULL, NULL, NULL, NULL, NULL, NULL, NULL, 0),
(387, 32, 3210, NULL, NULL, NULL, NULL, NULL, NULL, NULL, NULL, 0),
(388, 32, 3211, NULL, NULL, NULL, NULL, NULL, NULL, NULL, NULL, 0),
(389, 32, 3212, NULL, NULL, NULL, NULL, NULL, NULL, NULL, NULL, 0),
(390, 32, 3213, NULL, NULL, NULL, NULL, NULL, NULL, NULL, NULL, 0),
(391, 32, 3214, NULL, NULL, NULL, NULL, NULL, NULL, NULL, NULL, 0),
(392, 32, 3215, NULL, NULL, NULL, NULL, NULL, NULL, NULL, NULL, 0),
(393, 32, 3216, NULL, NULL, NULL, NULL, NULL, NULL, NULL, NULL, 0),
(394, 32, 3217, NULL, NULL, NULL, NULL, NULL, NULL, NULL, NULL, 0),
(395, 32, 3218, NULL, NULL, NULL, NULL, NULL, NULL, NULL, NULL, 0),
(396, 33, 3301, NULL, NULL, NULL, NULL, NULL, NULL, NULL, NULL, 0),
(397, 33, 3302, NULL, NULL, NULL, NULL, NULL, NULL, NULL, NULL, 0),
(398, 33, 3303, NULL, NULL, NULL, NULL, NULL, NULL, NULL, NULL, 0),
(399, 33, 3304, NULL, NULL, NULL, NULL, NULL, NULL, NULL, NULL, 0),
(400, 33, 3305, NULL, NULL, NULL, NULL, NULL, NULL, NULL, NULL, 0),
(401, 33, 3306, NULL, NULL, NULL, NULL, NULL, NULL, NULL, NULL, 0),
(402, 33, 3307, NULL, NULL, NULL, NULL, NULL, NULL, NULL, NULL, 0),
(403, 33, 3308, NULL, NULL, NULL, NULL, NULL, NULL, NULL, NULL, 0),
(404, 33, 3309, NULL, NULL, NULL, NULL, NULL, NULL, NULL, NULL, 0),
(405, 33, 3310, NULL, NULL, NULL, NULL, NULL, NULL, NULL, NULL, 0),
(406, 33, 3311, NULL, NULL, NULL, NULL, NULL, NULL, NULL, NULL, 0),
(407, 33, 3312, NULL, NULL, NULL, NULL, NULL, NULL, NULL, NULL, 0),
(408, 33, 3313, NULL, NULL, NULL, NULL, NULL, NULL, NULL, NULL, 0),
(409, 33, 3314, NULL, NULL, NULL, NULL, NULL, NULL, NULL, NULL, 0),
(410, 33, 3315, NULL, NULL, NULL, NULL, NULL, NULL, NULL, NULL, 0),
(411, 33, 3316, NULL, NULL, NULL, NULL, NULL, NULL, NULL, NULL, 0),
(412, 33, 3317, NULL, NULL, NULL, NULL, NULL, NULL, NULL, NULL, 0),
(413, 33, 3318, NULL, NULL, NULL, NULL, NULL, NULL, NULL, NULL, 0),
(414, 34, 3401, NULL, NULL, NULL, NULL, NULL, NULL, NULL, NULL, 0),
(415, 34, 3402, NULL, NULL, NULL, NULL, NULL, NULL, NULL, NULL, 0),
(416, 34, 3403, NULL, NULL, NULL, NULL, NULL, NULL, NULL, NULL, 0),
(417, 34, 3404, NULL, NULL, NULL, NULL, NULL, NULL, NULL, NULL, 0),
(418, 34, 3405, NULL, NULL, NULL, NULL, NULL, NULL, NULL, NULL, 0),
(419, 34, 3406, NULL, NULL, NULL, NULL, NULL, NULL, NULL, NULL, 0),
(420, 34, 3407, NULL, NULL, NULL, NULL, NULL, NULL, NULL, NULL, 0),
(421, 34, 3408, NULL, NULL, NULL, NULL, NULL, NULL, NULL, NULL, 0),
(422, 34, 3409, NULL, NULL, NULL, NULL, NULL, NULL, NULL, NULL, 0),
(423, 34, 3410, NULL, NULL, NULL, NULL, NULL, NULL, NULL, NULL, 0),
(424, 34, 3411, NULL, NULL, NULL, NULL, NULL, NULL, NULL, NULL, 0),
(425, 34, 3412, NULL, NULL, NULL, NULL, NULL, NULL, NULL, NULL, 0),
(426, 34, 3413, NULL, NULL, NULL, NULL, NULL, NULL, NULL, NULL, 0),
(427, 34, 3414, NULL, NULL, NULL, NULL, NULL, NULL, NULL, NULL, 0),
(428, 34, 3415, NULL, NULL, NULL, NULL, NULL, NULL, NULL, NULL, 0),
(429, 34, 3416, NULL, NULL, NULL, NULL, NULL, NULL, NULL, NULL, 0),
(430, 34, 3417, NULL, NULL, NULL, NULL, NULL, NULL, NULL, NULL, 0),
(431, 34, 3418, NULL, NULL, NULL, NULL, NULL, NULL, NULL, NULL, 0),
(432, 35, 3501, NULL, NULL, NULL, NULL, NULL, NULL, NULL, NULL, 0),
(433, 35, 3502, NULL, NULL, NULL, NULL, NULL, NULL, NULL, NULL, 0),
(434, 35, 3503, NULL, NULL, NULL, NULL, NULL, NULL, NULL, NULL, 0),
(435, 35, 3504, NULL, NULL, NULL, NULL, NULL, NULL, NULL, NULL, 0),
(436, 35, 3505, NULL, NULL, NULL, NULL, NULL, NULL, NULL, NULL, 0),
(437, 35, 3506, NULL, NULL, NULL, NULL, NULL, NULL, NULL, NULL, 0),
(438, 35, 3507, NULL, NULL, NULL, NULL, NULL, NULL, NULL, NULL, 0),
(439, 35, 3508, NULL, NULL, NULL, NULL, NULL, NULL, NULL, NULL, 0),
(440, 35, 3509, NULL, NULL, NULL, NULL, NULL, NULL, NULL, NULL, 0),
(441, 35, 3510, NULL, NULL, NULL, NULL, NULL, NULL, NULL, NULL, 0),
(442, 35, 3511, NULL, NULL, NULL, NULL, NULL, NULL, NULL, NULL, 0),
(443, 35, 3512, NULL, NULL, NULL, NULL, NULL, NULL, NULL, NULL, 0);

-- --------------------------------------------------------

--
-- Структура таблицы `cali_apartments_b`
--

CREATE TABLE `cali_apartments_b` (
  `id` int(11) NOT NULL,
  `floor_num` tinyint(3) NOT NULL,
  `num` smallint(6) NOT NULL,
  `money` decimal(19,4) DEFAULT NULL,
  `total_area` float DEFAULT NULL,
  `living_space` float DEFAULT NULL,
  `balcony_area` float DEFAULT NULL,
  `ru` text COLLATE utf8mb4_unicode_ci DEFAULT NULL,
  `en` text COLLATE utf8mb4_unicode_ci DEFAULT NULL,
  `ge` text COLLATE utf8mb4_unicode_ci DEFAULT NULL,
  `he` text COLLATE utf8mb4_unicode_ci DEFAULT NULL,
  `status` tinyint(3) NOT NULL DEFAULT 0
) ENGINE=InnoDB DEFAULT CHARSET=utf8mb4 COLLATE=utf8mb4_unicode_ci;

--
-- Дамп данных таблицы `cali_apartments_b`
--

INSERT INTO `cali_apartments_b` (`id`, `floor_num`, `num`, `money`, `total_area`, `living_space`, `balcony_area`, `ru`, `en`, `ge`, `he`, `status`) VALUES
(1, 2, 1, '52537.0000', 49.1, 40.1, 9, 'Горы', NULL, NULL, NULL, 0),
(2, 2, 2, '59064.0000', 55.2, 45.2, 10, 'Горы', NULL, NULL, NULL, 1),
(3, 2, 3, '47936.0000', 44.8, 40.5, 4.3, 'Горы', NULL, NULL, NULL, 2),
(4, 2, 4, '67275.0000', 57.5, 46.1, 11.4, 'Море', NULL, NULL, NULL, 0),
(5, 2, 5, '34983.0000', 29.9, 25, 4.9, 'Море', NULL, NULL, NULL, 0),
(6, 2, 6, '33930.0000', 29, 24.1, 4.9, 'Море', NULL, NULL, NULL, 2),
(7, 2, 7, '33930.0000', 29, 24.1, 4.9, 'Море', NULL, NULL, NULL, 1),
(8, 2, 8, '33930.0000', 29, 24.1, 4.9, 'Море', NULL, NULL, NULL, 1),
(9, 2, 9, '33930.0000', 29, 24.1, 4.9, 'Море', NULL, NULL, NULL, 1),
(10, 2, 10, '33930.0000', 29, 24.1, 4.9, 'Море', NULL, NULL, NULL, 1),
(11, 2, 11, '33930.0000', 29, 24.1, 4.9, 'Море', NULL, NULL, NULL, 1),
(12, 2, 12, '33930.0000', 29, 24.1, 4.9, 'Море', NULL, NULL, NULL, 1),
(13, 2, 13, '33930.0000', 29, 24.1, 4.9, 'Море', NULL, NULL, NULL, 1),
(14, 2, 14, '33930.0000', 29, 24.1, 4.9, 'Море', NULL, NULL, NULL, 1),
(15, 2, 15, '33930.0000', 29, 24.1, 4.9, 'Море', NULL, NULL, NULL, 1),
(16, 2, 16, '33930.0000', 29, 24.1, 4.9, 'Море', NULL, NULL, NULL, 2),
(17, 2, 17, '33930.0000', 29, 24.1, 4.9, 'Море', NULL, NULL, NULL, 1),
(18, 2, 18, '34983.0000', 29.9, 24.9, 5, 'Море', NULL, NULL, NULL, 2),
(19, 2, 19, '64628.0000', 60.4, 50.5, 9.9, 'Горы', NULL, NULL, NULL, 0),
(20, 2, 20, '30281.0000', 28.3, 23.5, 4.8, 'Горы', NULL, NULL, NULL, 2),
(21, 2, 21, '57994.0000', 54.2, 45.2, 9, 'Горы', NULL, NULL, NULL, 2),
(22, 2, 22, '34026.0000', 31.8, 26.3, 5.5, 'Горы', NULL, NULL, NULL, 2),
(23, 2, 23, '60883.0000', 56.9, 47.4, 9.5, 'Горы', NULL, NULL, NULL, 0),
(24, 3, 24, '52537.0000', 49.1, 40.1, 9, 'Горы', NULL, NULL, NULL, 2),
(25, 3, 25, '59064.0000', 55.2, 45.2, 10, 'Горы', NULL, NULL, NULL, 2),
(26, 3, 26, '47936.0000', 44.8, 40.5, 4.3, 'Горы', NULL, NULL, NULL, 2),
(27, 3, 27, '67275.0000', 57.5, 46.1, 11.4, 'Море', NULL, NULL, NULL, 2),
(28, 3, 28, '34983.0000', 29.9, 25, 4.9, 'Море', NULL, NULL, NULL, 1),
(29, 3, 29, '33930.0000', 29, 24.1, 4.9, 'Море', NULL, NULL, NULL, 1),
(30, 3, 30, '33930.0000', 29, 24.1, 4.9, 'Море', NULL, NULL, NULL, 2),
(31, 3, 31, '33930.0000', 29, 24.1, 4.9, 'Море', NULL, NULL, NULL, 2),
(32, 3, 32, '33930.0000', 29, 24.1, 4.9, 'Море', NULL, NULL, NULL, 2),
(33, 3, 33, '33930.0000', 29, 24.1, 4.9, 'Море', NULL, NULL, NULL, 2),
(34, 3, 34, '33930.0000', 29, 24.1, 4.9, 'Море', NULL, NULL, NULL, 2),
(35, 3, 35, '33930.0000', 29, 24.1, 4.9, 'Море', NULL, NULL, NULL, 2),
(36, 3, 36, '33930.0000', 29, 24.1, 4.9, 'Море', NULL, NULL, NULL, 2),
(37, 3, 37, '33930.0000', 29, 24.1, 4.9, 'Море', NULL, NULL, NULL, 2),
(38, 3, 38, '33930.0000', 29, 24.1, 4.9, 'Море', NULL, NULL, NULL, 2),
(39, 3, 39, '33930.0000', 29, 24.1, 4.9, 'Море', NULL, NULL, NULL, 2),
(40, 3, 40, '33930.0000', 29, 24.1, 4.9, 'Море', NULL, NULL, NULL, 2),
(41, 3, 41, '34866.0000', 29.8, 24.9, 4.9, 'Море', NULL, NULL, NULL, 0),
(42, 3, 42, '74997.0000', 64.1, 53, 11.1, 'Горы', NULL, NULL, NULL, 1),
(43, 3, 43, '64628.0000', 60.4, 50.5, 9.9, 'Горы', NULL, NULL, NULL, 0),
(44, 3, 44, '30281.0000', 28.3, 23.5, 4.8, 'Горы', NULL, NULL, NULL, 2),
(45, 3, 45, '57994.0000', 54.2, 45.2, 9, 'Горы', NULL, NULL, NULL, 2),
(46, 3, 46, '34026.0000', 31.8, 26.3, 5.5, 'Горы', NULL, NULL, NULL, 2),
(47, 3, 47, '60883.0000', 56.9, 47.4, 9.5, NULL, NULL, NULL, NULL, 0),
(48, 4, 48, NULL, NULL, NULL, NULL, NULL, NULL, NULL, NULL, 0),
(49, 4, 49, NULL, NULL, NULL, NULL, NULL, NULL, NULL, NULL, 0),
(50, 4, 50, NULL, NULL, NULL, NULL, NULL, NULL, NULL, NULL, 0),
(51, 4, 51, NULL, NULL, NULL, NULL, NULL, NULL, NULL, NULL, 0),
(52, 4, 52, NULL, NULL, NULL, NULL, NULL, NULL, NULL, NULL, 0),
(53, 4, 53, NULL, NULL, NULL, NULL, NULL, NULL, NULL, NULL, 0),
(54, 4, 54, NULL, NULL, NULL, NULL, NULL, NULL, NULL, NULL, 0),
(55, 4, 55, NULL, NULL, NULL, NULL, NULL, NULL, NULL, NULL, 0),
(56, 4, 56, NULL, NULL, NULL, NULL, NULL, NULL, NULL, NULL, 0),
(57, 4, 57, NULL, NULL, NULL, NULL, NULL, NULL, NULL, NULL, 0),
(58, 4, 58, NULL, NULL, NULL, NULL, NULL, NULL, NULL, NULL, 0),
(59, 4, 59, NULL, NULL, NULL, NULL, NULL, NULL, NULL, NULL, 0),
(60, 4, 60, NULL, NULL, NULL, NULL, NULL, NULL, NULL, NULL, 0),
(61, 4, 61, NULL, NULL, NULL, NULL, NULL, NULL, NULL, NULL, 0),
(62, 4, 62, NULL, NULL, NULL, NULL, NULL, NULL, NULL, NULL, 0),
(63, 4, 63, NULL, NULL, NULL, NULL, NULL, NULL, NULL, NULL, 0),
(64, 4, 64, NULL, NULL, NULL, NULL, NULL, NULL, NULL, NULL, 0),
(65, 4, 65, NULL, NULL, NULL, NULL, NULL, NULL, NULL, NULL, 0),
(66, 4, 66, NULL, NULL, NULL, NULL, NULL, NULL, NULL, NULL, 0),
(67, 4, 67, NULL, NULL, NULL, NULL, NULL, NULL, NULL, NULL, 0),
(68, 4, 68, NULL, NULL, NULL, NULL, NULL, NULL, NULL, NULL, 0),
(69, 4, 69, NULL, NULL, NULL, NULL, NULL, NULL, NULL, NULL, 0),
(70, 4, 70, NULL, NULL, NULL, NULL, NULL, NULL, NULL, NULL, 0),
(71, 4, 71, NULL, NULL, NULL, NULL, NULL, NULL, NULL, NULL, 0),
(72, 4, 72, NULL, NULL, NULL, NULL, NULL, NULL, NULL, NULL, 0),
(73, 4, 73, NULL, NULL, NULL, NULL, NULL, NULL, NULL, NULL, 0),
(74, 5, 74, NULL, NULL, NULL, NULL, NULL, NULL, NULL, NULL, 0),
(75, 5, 75, NULL, NULL, NULL, NULL, NULL, NULL, NULL, NULL, 0),
(76, 5, 76, NULL, NULL, NULL, NULL, NULL, NULL, NULL, NULL, 0),
(77, 5, 77, NULL, NULL, NULL, NULL, NULL, NULL, NULL, NULL, 0),
(78, 5, 78, NULL, NULL, NULL, NULL, NULL, NULL, NULL, NULL, 0),
(79, 5, 79, NULL, NULL, NULL, NULL, NULL, NULL, NULL, NULL, 0),
(80, 5, 80, NULL, NULL, NULL, NULL, NULL, NULL, NULL, NULL, 0),
(81, 5, 81, NULL, NULL, NULL, NULL, NULL, NULL, NULL, NULL, 0),
(82, 5, 82, NULL, NULL, NULL, NULL, NULL, NULL, NULL, NULL, 0),
(83, 5, 83, NULL, NULL, NULL, NULL, NULL, NULL, NULL, NULL, 0),
(84, 5, 84, NULL, NULL, NULL, NULL, NULL, NULL, NULL, NULL, 0),
(85, 5, 85, NULL, NULL, NULL, NULL, NULL, NULL, NULL, NULL, 0),
(86, 5, 86, NULL, NULL, NULL, NULL, NULL, NULL, NULL, NULL, 0),
(87, 5, 87, NULL, NULL, NULL, NULL, NULL, NULL, NULL, NULL, 0),
(88, 5, 88, NULL, NULL, NULL, NULL, NULL, NULL, NULL, NULL, 0),
(89, 5, 89, NULL, NULL, NULL, NULL, NULL, NULL, NULL, NULL, 0),
(90, 5, 90, NULL, NULL, NULL, NULL, NULL, NULL, NULL, NULL, 0),
(91, 5, 91, NULL, NULL, NULL, NULL, NULL, NULL, NULL, NULL, 0),
(92, 5, 92, NULL, NULL, NULL, NULL, NULL, NULL, NULL, NULL, 0),
(93, 5, 93, NULL, NULL, NULL, NULL, NULL, NULL, NULL, NULL, 0),
(94, 5, 94, NULL, NULL, NULL, NULL, NULL, NULL, NULL, NULL, 0),
(95, 5, 95, NULL, NULL, NULL, NULL, NULL, NULL, NULL, NULL, 0),
(96, 5, 96, NULL, NULL, NULL, NULL, NULL, NULL, NULL, NULL, 0),
(97, 5, 97, NULL, NULL, NULL, NULL, NULL, NULL, NULL, NULL, 0),
(98, 6, 98, NULL, NULL, NULL, NULL, NULL, NULL, NULL, NULL, 0),
(99, 6, 99, NULL, NULL, NULL, NULL, NULL, NULL, NULL, NULL, 0),
(100, 6, 100, NULL, NULL, NULL, NULL, NULL, NULL, NULL, NULL, 0),
(101, 6, 101, NULL, NULL, NULL, NULL, NULL, NULL, NULL, NULL, 0),
(102, 6, 102, NULL, NULL, NULL, NULL, NULL, NULL, NULL, NULL, 0),
(103, 6, 103, NULL, NULL, NULL, NULL, NULL, NULL, NULL, NULL, 0),
(104, 6, 104, NULL, NULL, NULL, NULL, NULL, NULL, NULL, NULL, 0),
(105, 6, 105, NULL, NULL, NULL, NULL, NULL, NULL, NULL, NULL, 0),
(106, 6, 106, NULL, NULL, NULL, NULL, NULL, NULL, NULL, NULL, 0),
(107, 6, 107, NULL, NULL, NULL, NULL, NULL, NULL, NULL, NULL, 0),
(108, 6, 108, NULL, NULL, NULL, NULL, NULL, NULL, NULL, NULL, 0),
(109, 6, 109, NULL, NULL, NULL, NULL, NULL, NULL, NULL, NULL, 0),
(110, 6, 110, NULL, NULL, NULL, NULL, NULL, NULL, NULL, NULL, 0),
(111, 6, 111, NULL, NULL, NULL, NULL, NULL, NULL, NULL, NULL, 0),
(112, 6, 112, NULL, NULL, NULL, NULL, NULL, NULL, NULL, NULL, 0),
(113, 6, 113, NULL, NULL, NULL, NULL, NULL, NULL, NULL, NULL, 0),
(114, 6, 114, NULL, NULL, NULL, NULL, NULL, NULL, NULL, NULL, 0),
(115, 6, 115, NULL, NULL, NULL, NULL, NULL, NULL, NULL, NULL, 0),
(116, 6, 116, NULL, NULL, NULL, NULL, NULL, NULL, NULL, NULL, 0),
(117, 6, 117, NULL, NULL, NULL, NULL, NULL, NULL, NULL, NULL, 0),
(118, 6, 118, NULL, NULL, NULL, NULL, NULL, NULL, NULL, NULL, 0),
(119, 6, 119, NULL, NULL, NULL, NULL, NULL, NULL, NULL, NULL, 0),
(120, 6, 120, NULL, NULL, NULL, NULL, NULL, NULL, NULL, NULL, 0),
(121, 6, 121, NULL, NULL, NULL, NULL, NULL, NULL, NULL, NULL, 0),
(122, 6, 122, NULL, NULL, NULL, NULL, NULL, NULL, NULL, NULL, 0),
(123, 6, 123, NULL, NULL, NULL, NULL, NULL, NULL, NULL, NULL, 0),
(124, 7, 124, NULL, NULL, NULL, NULL, NULL, NULL, NULL, NULL, 0),
(125, 7, 125, NULL, NULL, NULL, NULL, NULL, NULL, NULL, NULL, 0),
(126, 7, 126, NULL, NULL, NULL, NULL, NULL, NULL, NULL, NULL, 0),
(127, 7, 127, NULL, NULL, NULL, NULL, NULL, NULL, NULL, NULL, 0),
(128, 7, 128, NULL, NULL, NULL, NULL, NULL, NULL, NULL, NULL, 0),
(129, 7, 129, NULL, NULL, NULL, NULL, NULL, NULL, NULL, NULL, 0),
(130, 7, 130, NULL, NULL, NULL, NULL, NULL, NULL, NULL, NULL, 0),
(131, 7, 131, NULL, NULL, NULL, NULL, NULL, NULL, NULL, NULL, 0),
(132, 7, 132, NULL, NULL, NULL, NULL, NULL, NULL, NULL, NULL, 0),
(133, 7, 133, NULL, NULL, NULL, NULL, NULL, NULL, NULL, NULL, 0),
(134, 7, 134, NULL, NULL, NULL, NULL, NULL, NULL, NULL, NULL, 0),
(135, 7, 135, NULL, NULL, NULL, NULL, NULL, NULL, NULL, NULL, 0),
(136, 7, 136, NULL, NULL, NULL, NULL, NULL, NULL, NULL, NULL, 0),
(137, 7, 137, NULL, NULL, NULL, NULL, NULL, NULL, NULL, NULL, 0),
(138, 7, 138, NULL, NULL, NULL, NULL, NULL, NULL, NULL, NULL, 0),
(139, 7, 139, NULL, NULL, NULL, NULL, NULL, NULL, NULL, NULL, 0),
(140, 7, 140, NULL, NULL, NULL, NULL, NULL, NULL, NULL, NULL, 0),
(141, 7, 141, NULL, NULL, NULL, NULL, NULL, NULL, NULL, NULL, 0),
(142, 7, 142, NULL, NULL, NULL, NULL, NULL, NULL, NULL, NULL, 0),
(143, 7, 143, NULL, NULL, NULL, NULL, NULL, NULL, NULL, NULL, 0),
(144, 7, 144, NULL, NULL, NULL, NULL, NULL, NULL, NULL, NULL, 0),
(145, 7, 145, NULL, NULL, NULL, NULL, NULL, NULL, NULL, NULL, 0),
(146, 7, 146, NULL, NULL, NULL, NULL, NULL, NULL, NULL, NULL, 0),
(147, 7, 147, NULL, NULL, NULL, NULL, NULL, NULL, NULL, NULL, 0),
(148, 7, 148, NULL, NULL, NULL, NULL, NULL, NULL, NULL, NULL, 0),
(149, 7, 149, NULL, NULL, NULL, NULL, NULL, NULL, NULL, NULL, 0),
(150, 8, 150, NULL, NULL, NULL, NULL, NULL, NULL, NULL, NULL, 0),
(151, 8, 151, NULL, NULL, NULL, NULL, NULL, NULL, NULL, NULL, 0),
(152, 8, 152, NULL, NULL, NULL, NULL, NULL, NULL, NULL, NULL, 0),
(153, 8, 153, NULL, NULL, NULL, NULL, NULL, NULL, NULL, NULL, 0),
(154, 8, 154, NULL, NULL, NULL, NULL, NULL, NULL, NULL, NULL, 0),
(155, 8, 155, NULL, NULL, NULL, NULL, NULL, NULL, NULL, NULL, 0),
(156, 8, 156, NULL, NULL, NULL, NULL, NULL, NULL, NULL, NULL, 0),
(157, 8, 157, NULL, NULL, NULL, NULL, NULL, NULL, NULL, NULL, 0),
(158, 8, 158, NULL, NULL, NULL, NULL, NULL, NULL, NULL, NULL, 0),
(159, 8, 159, NULL, NULL, NULL, NULL, NULL, NULL, NULL, NULL, 0),
(160, 8, 160, NULL, NULL, NULL, NULL, NULL, NULL, NULL, NULL, 0),
(161, 8, 161, NULL, NULL, NULL, NULL, NULL, NULL, NULL, NULL, 0),
(162, 8, 162, NULL, NULL, NULL, NULL, NULL, NULL, NULL, NULL, 0),
(163, 8, 163, NULL, NULL, NULL, NULL, NULL, NULL, NULL, NULL, 0),
(164, 8, 164, NULL, NULL, NULL, NULL, NULL, NULL, NULL, NULL, 0),
(165, 8, 165, NULL, NULL, NULL, NULL, NULL, NULL, NULL, NULL, 0),
(166, 8, 166, NULL, NULL, NULL, NULL, NULL, NULL, NULL, NULL, 0),
(167, 8, 167, NULL, NULL, NULL, NULL, NULL, NULL, NULL, NULL, 0),
(168, 8, 168, NULL, NULL, NULL, NULL, NULL, NULL, NULL, NULL, 0),
(169, 8, 169, NULL, NULL, NULL, NULL, NULL, NULL, NULL, NULL, 0),
(170, 8, 170, NULL, NULL, NULL, NULL, NULL, NULL, NULL, NULL, 0),
(171, 8, 171, NULL, NULL, NULL, NULL, NULL, NULL, NULL, NULL, 0),
(172, 8, 172, NULL, NULL, NULL, NULL, NULL, NULL, NULL, NULL, 0),
(173, 8, 173, NULL, NULL, NULL, NULL, NULL, NULL, NULL, NULL, 0),
(174, 8, 174, NULL, NULL, NULL, NULL, NULL, NULL, NULL, NULL, 0),
(175, 8, 175, NULL, NULL, NULL, NULL, NULL, NULL, NULL, NULL, 0),
(176, 9, 176, NULL, NULL, NULL, NULL, NULL, NULL, NULL, NULL, 0),
(177, 9, 177, NULL, NULL, NULL, NULL, NULL, NULL, NULL, NULL, 0),
(178, 9, 178, NULL, NULL, NULL, NULL, NULL, NULL, NULL, NULL, 0),
(179, 9, 179, NULL, NULL, NULL, NULL, NULL, NULL, NULL, NULL, 0),
(180, 9, 180, NULL, NULL, NULL, NULL, NULL, NULL, NULL, NULL, 0),
(181, 9, 181, NULL, NULL, NULL, NULL, NULL, NULL, NULL, NULL, 0),
(182, 9, 182, NULL, NULL, NULL, NULL, NULL, NULL, NULL, NULL, 0),
(183, 9, 183, NULL, NULL, NULL, NULL, NULL, NULL, NULL, NULL, 0),
(184, 9, 184, NULL, NULL, NULL, NULL, NULL, NULL, NULL, NULL, 0),
(185, 9, 185, NULL, NULL, NULL, NULL, NULL, NULL, NULL, NULL, 0),
(186, 9, 186, NULL, NULL, NULL, NULL, NULL, NULL, NULL, NULL, 0),
(187, 9, 187, NULL, NULL, NULL, NULL, NULL, NULL, NULL, NULL, 0),
(188, 9, 188, NULL, NULL, NULL, NULL, NULL, NULL, NULL, NULL, 0),
(189, 9, 189, NULL, NULL, NULL, NULL, NULL, NULL, NULL, NULL, 0),
(190, 9, 190, NULL, NULL, NULL, NULL, NULL, NULL, NULL, NULL, 0),
(191, 9, 191, NULL, NULL, NULL, NULL, NULL, NULL, NULL, NULL, 0),
(192, 9, 192, NULL, NULL, NULL, NULL, NULL, NULL, NULL, NULL, 0),
(193, 9, 193, NULL, NULL, NULL, NULL, NULL, NULL, NULL, NULL, 0),
(194, 9, 194, NULL, NULL, NULL, NULL, NULL, NULL, NULL, NULL, 0),
(195, 9, 195, NULL, NULL, NULL, NULL, NULL, NULL, NULL, NULL, 0),
(196, 9, 196, NULL, NULL, NULL, NULL, NULL, NULL, NULL, NULL, 0),
(197, 9, 197, NULL, NULL, NULL, NULL, NULL, NULL, NULL, NULL, 0),
(198, 9, 198, NULL, NULL, NULL, NULL, NULL, NULL, NULL, NULL, 0),
(199, 9, 199, NULL, NULL, NULL, NULL, NULL, NULL, NULL, NULL, 0),
(200, 9, 200, NULL, NULL, NULL, NULL, NULL, NULL, NULL, NULL, 0),
(201, 10, 201, NULL, NULL, NULL, NULL, NULL, NULL, NULL, NULL, 0),
(202, 10, 202, NULL, NULL, NULL, NULL, NULL, NULL, NULL, NULL, 0),
(203, 10, 203, NULL, NULL, NULL, NULL, NULL, NULL, NULL, NULL, 0),
(204, 10, 204, NULL, NULL, NULL, NULL, NULL, NULL, NULL, NULL, 0),
(205, 10, 205, NULL, NULL, NULL, NULL, NULL, NULL, NULL, NULL, 0),
(206, 10, 206, NULL, NULL, NULL, NULL, NULL, NULL, NULL, NULL, 0),
(207, 10, 207, NULL, NULL, NULL, NULL, NULL, NULL, NULL, NULL, 0),
(208, 10, 208, NULL, NULL, NULL, NULL, NULL, NULL, NULL, NULL, 0),
(209, 10, 209, NULL, NULL, NULL, NULL, NULL, NULL, NULL, NULL, 0),
(210, 10, 210, NULL, NULL, NULL, NULL, NULL, NULL, NULL, NULL, 0),
(211, 10, 211, NULL, NULL, NULL, NULL, NULL, NULL, NULL, NULL, 0),
(212, 10, 212, NULL, NULL, NULL, NULL, NULL, NULL, NULL, NULL, 0),
(213, 10, 213, NULL, NULL, NULL, NULL, NULL, NULL, NULL, NULL, 0),
(214, 10, 214, NULL, NULL, NULL, NULL, NULL, NULL, NULL, NULL, 0),
(215, 10, 215, NULL, NULL, NULL, NULL, NULL, NULL, NULL, NULL, 0),
(216, 10, 216, NULL, NULL, NULL, NULL, NULL, NULL, NULL, NULL, 0),
(217, 10, 217, NULL, NULL, NULL, NULL, NULL, NULL, NULL, NULL, 0),
(218, 10, 218, NULL, NULL, NULL, NULL, NULL, NULL, NULL, NULL, 0),
(219, 10, 219, NULL, NULL, NULL, NULL, NULL, NULL, NULL, NULL, 0),
(220, 10, 220, NULL, NULL, NULL, NULL, NULL, NULL, NULL, NULL, 0),
(221, 10, 221, NULL, NULL, NULL, NULL, NULL, NULL, NULL, NULL, 0),
(222, 10, 222, NULL, NULL, NULL, NULL, NULL, NULL, NULL, NULL, 0),
(223, 10, 223, NULL, NULL, NULL, NULL, NULL, NULL, NULL, NULL, 0),
(224, 10, 224, NULL, NULL, NULL, NULL, NULL, NULL, NULL, NULL, 0),
(225, 10, 225, NULL, NULL, NULL, NULL, NULL, NULL, NULL, NULL, 0),
(226, 10, 226, NULL, NULL, NULL, NULL, NULL, NULL, NULL, NULL, 0),
(227, 11, 227, NULL, NULL, NULL, NULL, NULL, NULL, NULL, NULL, 0),
(228, 11, 228, NULL, NULL, NULL, NULL, NULL, NULL, NULL, NULL, 0),
(229, 11, 229, NULL, NULL, NULL, NULL, NULL, NULL, NULL, NULL, 0),
(230, 11, 230, NULL, NULL, NULL, NULL, NULL, NULL, NULL, NULL, 0),
(231, 11, 231, NULL, NULL, NULL, NULL, NULL, NULL, NULL, NULL, 0),
(232, 11, 232, NULL, NULL, NULL, NULL, NULL, NULL, NULL, NULL, 0),
(233, 11, 233, NULL, NULL, NULL, NULL, NULL, NULL, NULL, NULL, 0),
(234, 11, 234, NULL, NULL, NULL, NULL, NULL, NULL, NULL, NULL, 0),
(235, 11, 235, NULL, NULL, NULL, NULL, NULL, NULL, NULL, NULL, 0),
(236, 11, 236, NULL, NULL, NULL, NULL, NULL, NULL, NULL, NULL, 0),
(237, 11, 237, NULL, NULL, NULL, NULL, NULL, NULL, NULL, NULL, 0),
(238, 11, 238, NULL, NULL, NULL, NULL, NULL, NULL, NULL, NULL, 0),
(239, 11, 239, NULL, NULL, NULL, NULL, NULL, NULL, NULL, NULL, 0),
(240, 11, 240, NULL, NULL, NULL, NULL, NULL, NULL, NULL, NULL, 0),
(241, 11, 241, NULL, NULL, NULL, NULL, NULL, NULL, NULL, NULL, 0),
(242, 11, 242, NULL, NULL, NULL, NULL, NULL, NULL, NULL, NULL, 0),
(243, 11, 243, NULL, NULL, NULL, NULL, NULL, NULL, NULL, NULL, 0),
(244, 11, 244, NULL, NULL, NULL, NULL, NULL, NULL, NULL, NULL, 0),
(245, 11, 245, NULL, NULL, NULL, NULL, NULL, NULL, NULL, NULL, 0),
(246, 11, 246, NULL, NULL, NULL, NULL, NULL, NULL, NULL, NULL, 0),
(247, 11, 247, NULL, NULL, NULL, NULL, NULL, NULL, NULL, NULL, 0),
(248, 11, 248, NULL, NULL, NULL, NULL, NULL, NULL, NULL, NULL, 0),
(249, 11, 249, NULL, NULL, NULL, NULL, NULL, NULL, NULL, NULL, 0),
(250, 11, 250, NULL, NULL, NULL, NULL, NULL, NULL, NULL, NULL, 0),
(251, 11, 251, NULL, NULL, NULL, NULL, NULL, NULL, NULL, NULL, 0),
(252, 11, 252, NULL, NULL, NULL, NULL, NULL, NULL, NULL, NULL, 0),
(253, 12, 253, NULL, NULL, NULL, NULL, NULL, NULL, NULL, NULL, 0),
(254, 12, 254, NULL, NULL, NULL, NULL, NULL, NULL, NULL, NULL, 0),
(255, 12, 255, NULL, NULL, NULL, NULL, NULL, NULL, NULL, NULL, 0),
(256, 12, 256, NULL, NULL, NULL, NULL, NULL, NULL, NULL, NULL, 0),
(257, 12, 257, NULL, NULL, NULL, NULL, NULL, NULL, NULL, NULL, 0),
(258, 12, 258, NULL, NULL, NULL, NULL, NULL, NULL, NULL, NULL, 0),
(259, 12, 259, NULL, NULL, NULL, NULL, NULL, NULL, NULL, NULL, 0),
(260, 12, 260, NULL, NULL, NULL, NULL, NULL, NULL, NULL, NULL, 0),
(261, 12, 261, NULL, NULL, NULL, NULL, NULL, NULL, NULL, NULL, 0),
(262, 12, 262, NULL, NULL, NULL, NULL, NULL, NULL, NULL, NULL, 0),
(263, 12, 263, NULL, NULL, NULL, NULL, NULL, NULL, NULL, NULL, 0),
(264, 12, 264, NULL, NULL, NULL, NULL, NULL, NULL, NULL, NULL, 0),
(265, 12, 265, NULL, NULL, NULL, NULL, NULL, NULL, NULL, NULL, 0),
(266, 12, 266, NULL, NULL, NULL, NULL, NULL, NULL, NULL, NULL, 0),
(267, 12, 267, NULL, NULL, NULL, NULL, NULL, NULL, NULL, NULL, 0),
(268, 12, 268, NULL, NULL, NULL, NULL, NULL, NULL, NULL, NULL, 0),
(269, 12, 269, NULL, NULL, NULL, NULL, NULL, NULL, NULL, NULL, 0),
(270, 12, 270, NULL, NULL, NULL, NULL, NULL, NULL, NULL, NULL, 0),
(271, 12, 271, NULL, NULL, NULL, NULL, NULL, NULL, NULL, NULL, 0),
(272, 12, 272, NULL, NULL, NULL, NULL, NULL, NULL, NULL, NULL, 0),
(273, 12, 273, NULL, NULL, NULL, NULL, NULL, NULL, NULL, NULL, 0),
(274, 12, 274, NULL, NULL, NULL, NULL, NULL, NULL, NULL, NULL, 0),
(275, 12, 275, NULL, NULL, NULL, NULL, NULL, NULL, NULL, NULL, 0),
(276, 12, 276, NULL, NULL, NULL, NULL, NULL, NULL, NULL, NULL, 0),
(277, 12, 277, NULL, NULL, NULL, NULL, NULL, NULL, NULL, NULL, 0),
(278, 12, 278, NULL, NULL, NULL, NULL, NULL, NULL, NULL, NULL, 0),
(279, 13, 279, NULL, NULL, NULL, NULL, NULL, NULL, NULL, NULL, 0),
(280, 13, 280, NULL, NULL, NULL, NULL, NULL, NULL, NULL, NULL, 0),
(281, 13, 281, NULL, NULL, NULL, NULL, NULL, NULL, NULL, NULL, 0),
(282, 13, 282, NULL, NULL, NULL, NULL, NULL, NULL, NULL, NULL, 0),
(283, 13, 283, NULL, NULL, NULL, NULL, NULL, NULL, NULL, NULL, 0),
(284, 13, 284, NULL, NULL, NULL, NULL, NULL, NULL, NULL, NULL, 0),
(285, 13, 285, NULL, NULL, NULL, NULL, NULL, NULL, NULL, NULL, 0),
(286, 13, 286, NULL, NULL, NULL, NULL, NULL, NULL, NULL, NULL, 0),
(287, 13, 287, NULL, NULL, NULL, NULL, NULL, NULL, NULL, NULL, 0),
(288, 13, 288, NULL, NULL, NULL, NULL, NULL, NULL, NULL, NULL, 0),
(289, 13, 289, NULL, NULL, NULL, NULL, NULL, NULL, NULL, NULL, 0),
(290, 13, 290, NULL, NULL, NULL, NULL, NULL, NULL, NULL, NULL, 0),
(291, 13, 291, NULL, NULL, NULL, NULL, NULL, NULL, NULL, NULL, 0),
(292, 13, 292, NULL, NULL, NULL, NULL, NULL, NULL, NULL, NULL, 0),
(293, 13, 293, NULL, NULL, NULL, NULL, NULL, NULL, NULL, NULL, 0),
(294, 13, 294, NULL, NULL, NULL, NULL, NULL, NULL, NULL, NULL, 0),
(295, 13, 295, NULL, NULL, NULL, NULL, NULL, NULL, NULL, NULL, 0),
(296, 13, 296, NULL, NULL, NULL, NULL, NULL, NULL, NULL, NULL, 0),
(297, 13, 297, NULL, NULL, NULL, NULL, NULL, NULL, NULL, NULL, 0),
(298, 13, 298, NULL, NULL, NULL, NULL, NULL, NULL, NULL, NULL, 0),
(299, 13, 299, NULL, NULL, NULL, NULL, NULL, NULL, NULL, NULL, 0),
(300, 13, 300, NULL, NULL, NULL, NULL, NULL, NULL, NULL, NULL, 0),
(301, 13, 301, NULL, NULL, NULL, NULL, NULL, NULL, NULL, NULL, 0),
(302, 13, 302, NULL, NULL, NULL, NULL, NULL, NULL, NULL, NULL, 0),
(303, 13, 303, NULL, NULL, NULL, NULL, NULL, NULL, NULL, NULL, 0),
(304, 13, 304, NULL, NULL, NULL, NULL, NULL, NULL, NULL, NULL, 0),
(305, 14, 305, NULL, NULL, NULL, NULL, NULL, NULL, NULL, NULL, 0),
(306, 14, 306, NULL, NULL, NULL, NULL, NULL, NULL, NULL, NULL, 0),
(307, 14, 307, NULL, NULL, NULL, NULL, NULL, NULL, NULL, NULL, 0),
(308, 14, 308, NULL, NULL, NULL, NULL, NULL, NULL, NULL, NULL, 0),
(309, 14, 309, NULL, NULL, NULL, NULL, NULL, NULL, NULL, NULL, 0),
(310, 14, 310, NULL, NULL, NULL, NULL, NULL, NULL, NULL, NULL, 0),
(311, 14, 311, NULL, NULL, NULL, NULL, NULL, NULL, NULL, NULL, 0),
(312, 14, 312, NULL, NULL, NULL, NULL, NULL, NULL, NULL, NULL, 0),
(313, 14, 313, NULL, NULL, NULL, NULL, NULL, NULL, NULL, NULL, 0),
(314, 14, 314, NULL, NULL, NULL, NULL, NULL, NULL, NULL, NULL, 0),
(315, 14, 315, NULL, NULL, NULL, NULL, NULL, NULL, NULL, NULL, 0),
(316, 14, 316, NULL, NULL, NULL, NULL, NULL, NULL, NULL, NULL, 0),
(317, 14, 317, NULL, NULL, NULL, NULL, NULL, NULL, NULL, NULL, 0),
(318, 14, 318, NULL, NULL, NULL, NULL, NULL, NULL, NULL, NULL, 0),
(319, 14, 319, NULL, NULL, NULL, NULL, NULL, NULL, NULL, NULL, 0),
(320, 14, 320, NULL, NULL, NULL, NULL, NULL, NULL, NULL, NULL, 0),
(321, 14, 321, NULL, NULL, NULL, NULL, NULL, NULL, NULL, NULL, 0),
(322, 14, 322, NULL, NULL, NULL, NULL, NULL, NULL, NULL, NULL, 0),
(323, 14, 323, NULL, NULL, NULL, NULL, NULL, NULL, NULL, NULL, 0),
(324, 14, 324, NULL, NULL, NULL, NULL, NULL, NULL, NULL, NULL, 0),
(325, 14, 325, NULL, NULL, NULL, NULL, NULL, NULL, NULL, NULL, 0),
(326, 14, 326, NULL, NULL, NULL, NULL, NULL, NULL, NULL, NULL, 0),
(327, 14, 327, NULL, NULL, NULL, NULL, NULL, NULL, NULL, NULL, 0),
(328, 14, 328, NULL, NULL, NULL, NULL, NULL, NULL, NULL, NULL, 0),
(329, 14, 329, NULL, NULL, NULL, NULL, NULL, NULL, NULL, NULL, 0),
(330, 14, 330, NULL, NULL, NULL, NULL, NULL, NULL, NULL, NULL, 0),
(331, 15, 331, NULL, NULL, NULL, NULL, NULL, NULL, NULL, NULL, 0),
(332, 15, 332, NULL, NULL, NULL, NULL, NULL, NULL, NULL, NULL, 0),
(333, 15, 333, NULL, NULL, NULL, NULL, NULL, NULL, NULL, NULL, 0),
(334, 15, 334, NULL, NULL, NULL, NULL, NULL, NULL, NULL, NULL, 0),
(335, 15, 335, NULL, NULL, NULL, NULL, NULL, NULL, NULL, NULL, 0),
(336, 15, 336, NULL, NULL, NULL, NULL, NULL, NULL, NULL, NULL, 0),
(337, 15, 337, NULL, NULL, NULL, NULL, NULL, NULL, NULL, NULL, 0),
(338, 15, 338, NULL, NULL, NULL, NULL, NULL, NULL, NULL, NULL, 0),
(339, 15, 339, NULL, NULL, NULL, NULL, NULL, NULL, NULL, NULL, 0),
(340, 15, 340, NULL, NULL, NULL, NULL, NULL, NULL, NULL, NULL, 0),
(341, 15, 341, NULL, NULL, NULL, NULL, NULL, NULL, NULL, NULL, 0),
(342, 15, 342, NULL, NULL, NULL, NULL, NULL, NULL, NULL, NULL, 0),
(343, 15, 343, NULL, NULL, NULL, NULL, NULL, NULL, NULL, NULL, 0),
(344, 15, 344, NULL, NULL, NULL, NULL, NULL, NULL, NULL, NULL, 0),
(345, 15, 345, NULL, NULL, NULL, NULL, NULL, NULL, NULL, NULL, 0),
(346, 15, 346, NULL, NULL, NULL, NULL, NULL, NULL, NULL, NULL, 0),
(347, 15, 347, NULL, NULL, NULL, NULL, NULL, NULL, NULL, NULL, 0),
(348, 15, 348, NULL, NULL, NULL, NULL, NULL, NULL, NULL, NULL, 0),
(349, 15, 349, NULL, NULL, NULL, NULL, NULL, NULL, NULL, NULL, 0),
(350, 15, 350, NULL, NULL, NULL, NULL, NULL, NULL, NULL, NULL, 0),
(351, 15, 351, NULL, NULL, NULL, NULL, NULL, NULL, NULL, NULL, 0),
(352, 15, 352, NULL, NULL, NULL, NULL, NULL, NULL, NULL, NULL, 0),
(353, 15, 353, NULL, NULL, NULL, NULL, NULL, NULL, NULL, NULL, 0),
(354, 15, 354, NULL, NULL, NULL, NULL, NULL, NULL, NULL, NULL, 0),
(355, 15, 355, NULL, NULL, NULL, NULL, NULL, NULL, NULL, NULL, 0),
(356, 15, 356, NULL, NULL, NULL, NULL, NULL, NULL, NULL, NULL, 0),
(357, 16, 357, NULL, NULL, NULL, NULL, NULL, NULL, NULL, NULL, 0),
(358, 16, 358, NULL, NULL, NULL, NULL, NULL, NULL, NULL, NULL, 0),
(359, 16, 359, NULL, NULL, NULL, NULL, NULL, NULL, NULL, NULL, 0),
(360, 16, 360, NULL, NULL, NULL, NULL, NULL, NULL, NULL, NULL, 0),
(361, 16, 361, NULL, NULL, NULL, NULL, NULL, NULL, NULL, NULL, 0),
(362, 16, 362, NULL, NULL, NULL, NULL, NULL, NULL, NULL, NULL, 0),
(363, 16, 363, NULL, NULL, NULL, NULL, NULL, NULL, NULL, NULL, 0),
(364, 16, 364, NULL, NULL, NULL, NULL, NULL, NULL, NULL, NULL, 0),
(365, 16, 365, NULL, NULL, NULL, NULL, NULL, NULL, NULL, NULL, 0),
(366, 16, 366, NULL, NULL, NULL, NULL, NULL, NULL, NULL, NULL, 0),
(367, 16, 367, NULL, NULL, NULL, NULL, NULL, NULL, NULL, NULL, 0),
(368, 16, 368, NULL, NULL, NULL, NULL, NULL, NULL, NULL, NULL, 0),
(369, 16, 369, NULL, NULL, NULL, NULL, NULL, NULL, NULL, NULL, 0),
(370, 16, 370, NULL, NULL, NULL, NULL, NULL, NULL, NULL, NULL, 0),
(371, 16, 371, NULL, NULL, NULL, NULL, NULL, NULL, NULL, NULL, 0),
(372, 16, 372, NULL, NULL, NULL, NULL, NULL, NULL, NULL, NULL, 0),
(373, 16, 373, NULL, NULL, NULL, NULL, NULL, NULL, NULL, NULL, 0),
(374, 16, 374, NULL, NULL, NULL, NULL, NULL, NULL, NULL, NULL, 0),
(375, 16, 375, NULL, NULL, NULL, NULL, NULL, NULL, NULL, NULL, 0),
(376, 16, 376, NULL, NULL, NULL, NULL, NULL, NULL, NULL, NULL, 0),
(377, 16, 377, NULL, NULL, NULL, NULL, NULL, NULL, NULL, NULL, 0),
(378, 16, 378, NULL, NULL, NULL, NULL, NULL, NULL, NULL, NULL, 0),
(379, 16, 379, NULL, NULL, NULL, NULL, NULL, NULL, NULL, NULL, 0),
(380, 16, 380, NULL, NULL, NULL, NULL, NULL, NULL, NULL, NULL, 0),
(381, 16, 381, NULL, NULL, NULL, NULL, NULL, NULL, NULL, NULL, 0),
(382, 17, 382, NULL, NULL, NULL, NULL, NULL, NULL, NULL, NULL, 0),
(383, 17, 383, NULL, NULL, NULL, NULL, NULL, NULL, NULL, NULL, 0),
(384, 17, 384, NULL, NULL, NULL, NULL, NULL, NULL, NULL, NULL, 0),
(385, 17, 385, NULL, NULL, NULL, NULL, NULL, NULL, NULL, NULL, 0),
(386, 17, 386, NULL, NULL, NULL, NULL, NULL, NULL, NULL, NULL, 0),
(387, 17, 387, NULL, NULL, NULL, NULL, NULL, NULL, NULL, NULL, 0),
(388, 17, 388, NULL, NULL, NULL, NULL, NULL, NULL, NULL, NULL, 0),
(389, 17, 389, NULL, NULL, NULL, NULL, NULL, NULL, NULL, NULL, 0),
(390, 17, 390, NULL, NULL, NULL, NULL, NULL, NULL, NULL, NULL, 0),
(391, 17, 391, NULL, NULL, NULL, NULL, NULL, NULL, NULL, NULL, 0),
(392, 17, 392, NULL, NULL, NULL, NULL, NULL, NULL, NULL, NULL, 0),
(393, 17, 393, NULL, NULL, NULL, NULL, NULL, NULL, NULL, NULL, 0),
(394, 17, 394, NULL, NULL, NULL, NULL, NULL, NULL, NULL, NULL, 0),
(395, 17, 395, NULL, NULL, NULL, NULL, NULL, NULL, NULL, NULL, 0),
(396, 17, 396, NULL, NULL, NULL, NULL, NULL, NULL, NULL, NULL, 0),
(397, 17, 397, NULL, NULL, NULL, NULL, NULL, NULL, NULL, NULL, 0),
(398, 17, 398, NULL, NULL, NULL, NULL, NULL, NULL, NULL, NULL, 0),
(399, 17, 399, NULL, NULL, NULL, NULL, NULL, NULL, NULL, NULL, 0),
(400, 17, 400, NULL, NULL, NULL, NULL, NULL, NULL, NULL, NULL, 0),
(401, 17, 401, NULL, NULL, NULL, NULL, NULL, NULL, NULL, NULL, 0),
(402, 17, 402, NULL, NULL, NULL, NULL, NULL, NULL, NULL, NULL, 0),
(403, 17, 403, NULL, NULL, NULL, NULL, NULL, NULL, NULL, NULL, 0),
(404, 17, 404, NULL, NULL, NULL, NULL, NULL, NULL, NULL, NULL, 0),
(405, 17, 405, NULL, NULL, NULL, NULL, NULL, NULL, NULL, NULL, 0),
(406, 17, 406, NULL, NULL, NULL, NULL, NULL, NULL, NULL, NULL, 0),
(407, 17, 407, NULL, NULL, NULL, NULL, NULL, NULL, NULL, NULL, 0),
(408, 18, 408, NULL, NULL, NULL, NULL, NULL, NULL, NULL, NULL, 0),
(409, 18, 409, NULL, NULL, NULL, NULL, NULL, NULL, NULL, NULL, 0),
(410, 18, 410, NULL, NULL, NULL, NULL, NULL, NULL, NULL, NULL, 0),
(411, 18, 411, NULL, NULL, NULL, NULL, NULL, NULL, NULL, NULL, 0),
(412, 18, 412, NULL, NULL, NULL, NULL, NULL, NULL, NULL, NULL, 0),
(413, 18, 413, NULL, NULL, NULL, NULL, NULL, NULL, NULL, NULL, 0),
(414, 18, 414, NULL, NULL, NULL, NULL, NULL, NULL, NULL, NULL, 0),
(415, 18, 415, NULL, NULL, NULL, NULL, NULL, NULL, NULL, NULL, 0),
(416, 18, 416, NULL, NULL, NULL, NULL, NULL, NULL, NULL, NULL, 0),
(417, 18, 417, NULL, NULL, NULL, NULL, NULL, NULL, NULL, NULL, 0),
(418, 18, 418, NULL, NULL, NULL, NULL, NULL, NULL, NULL, NULL, 0),
(419, 18, 419, NULL, NULL, NULL, NULL, NULL, NULL, NULL, NULL, 0),
(420, 18, 420, NULL, NULL, NULL, NULL, NULL, NULL, NULL, NULL, 0),
(421, 18, 421, NULL, NULL, NULL, NULL, NULL, NULL, NULL, NULL, 0),
(422, 18, 422, NULL, NULL, NULL, NULL, NULL, NULL, NULL, NULL, 0),
(423, 18, 423, NULL, NULL, NULL, NULL, NULL, NULL, NULL, NULL, 0),
(424, 18, 424, NULL, NULL, NULL, NULL, NULL, NULL, NULL, NULL, 0),
(425, 18, 425, NULL, NULL, NULL, NULL, NULL, NULL, NULL, NULL, 0),
(426, 18, 426, NULL, NULL, NULL, NULL, NULL, NULL, NULL, NULL, 0),
(427, 18, 427, NULL, NULL, NULL, NULL, NULL, NULL, NULL, NULL, 0),
(428, 18, 428, NULL, NULL, NULL, NULL, NULL, NULL, NULL, NULL, 0),
(429, 18, 429, NULL, NULL, NULL, NULL, NULL, NULL, NULL, NULL, 0),
(430, 18, 430, NULL, NULL, NULL, NULL, NULL, NULL, NULL, NULL, 0),
(431, 18, 431, NULL, NULL, NULL, NULL, NULL, NULL, NULL, NULL, 0),
(432, 18, 432, NULL, NULL, NULL, NULL, NULL, NULL, NULL, NULL, 0),
(433, 18, 433, NULL, NULL, NULL, NULL, NULL, NULL, NULL, NULL, 0),
(434, 19, 434, NULL, NULL, NULL, NULL, NULL, NULL, NULL, NULL, 0),
(435, 19, 435, NULL, NULL, NULL, NULL, NULL, NULL, NULL, NULL, 0),
(436, 19, 436, NULL, NULL, NULL, NULL, NULL, NULL, NULL, NULL, 0),
(437, 19, 437, NULL, NULL, NULL, NULL, NULL, NULL, NULL, NULL, 0),
(438, 19, 438, NULL, NULL, NULL, NULL, NULL, NULL, NULL, NULL, 0),
(439, 19, 439, NULL, NULL, NULL, NULL, NULL, NULL, NULL, NULL, 0),
(440, 19, 440, NULL, NULL, NULL, NULL, NULL, NULL, NULL, NULL, 0),
(441, 19, 441, NULL, NULL, NULL, NULL, NULL, NULL, NULL, NULL, 0),
(442, 19, 442, NULL, NULL, NULL, NULL, NULL, NULL, NULL, NULL, 0),
(443, 19, 443, NULL, NULL, NULL, NULL, NULL, NULL, NULL, NULL, 0),
(444, 19, 444, NULL, NULL, NULL, NULL, NULL, NULL, NULL, NULL, 0),
(445, 19, 445, NULL, NULL, NULL, NULL, NULL, NULL, NULL, NULL, 0),
(446, 19, 446, NULL, NULL, NULL, NULL, NULL, NULL, NULL, NULL, 0),
(447, 19, 447, NULL, NULL, NULL, NULL, NULL, NULL, NULL, NULL, 0),
(448, 19, 448, NULL, NULL, NULL, NULL, NULL, NULL, NULL, NULL, 0),
(449, 19, 449, NULL, NULL, NULL, NULL, NULL, NULL, NULL, NULL, 0),
(450, 19, 450, NULL, NULL, NULL, NULL, NULL, NULL, NULL, NULL, 0),
(451, 19, 451, NULL, NULL, NULL, NULL, NULL, NULL, NULL, NULL, 0),
(452, 19, 452, NULL, NULL, NULL, NULL, NULL, NULL, NULL, NULL, 0),
(453, 19, 453, NULL, NULL, NULL, NULL, NULL, NULL, NULL, NULL, 0),
(454, 19, 454, NULL, NULL, NULL, NULL, NULL, NULL, NULL, NULL, 0),
(455, 19, 455, NULL, NULL, NULL, NULL, NULL, NULL, NULL, NULL, 0),
(456, 19, 456, NULL, NULL, NULL, NULL, NULL, NULL, NULL, NULL, 0),
(457, 19, 457, NULL, NULL, NULL, NULL, NULL, NULL, NULL, NULL, 0),
(458, 19, 458, NULL, NULL, NULL, NULL, NULL, NULL, NULL, NULL, 0),
(459, 19, 459, NULL, NULL, NULL, NULL, NULL, NULL, NULL, NULL, 0),
(460, 20, 460, NULL, NULL, NULL, NULL, NULL, NULL, NULL, NULL, 0),
(461, 20, 461, NULL, NULL, NULL, NULL, NULL, NULL, NULL, NULL, 0),
(462, 20, 462, NULL, NULL, NULL, NULL, NULL, NULL, NULL, NULL, 0),
(463, 20, 463, NULL, NULL, NULL, NULL, NULL, NULL, NULL, NULL, 0),
(464, 20, 464, NULL, NULL, NULL, NULL, NULL, NULL, NULL, NULL, 0),
(465, 20, 465, NULL, NULL, NULL, NULL, NULL, NULL, NULL, NULL, 0),
(466, 20, 466, NULL, NULL, NULL, NULL, NULL, NULL, NULL, NULL, 0),
(467, 20, 467, NULL, NULL, NULL, NULL, NULL, NULL, NULL, NULL, 0),
(468, 20, 468, NULL, NULL, NULL, NULL, NULL, NULL, NULL, NULL, 0),
(469, 20, 469, NULL, NULL, NULL, NULL, NULL, NULL, NULL, NULL, 0),
(470, 20, 470, NULL, NULL, NULL, NULL, NULL, NULL, NULL, NULL, 0),
(471, 20, 471, NULL, NULL, NULL, NULL, NULL, NULL, NULL, NULL, 0),
(472, 20, 472, NULL, NULL, NULL, NULL, NULL, NULL, NULL, NULL, 0),
(473, 20, 473, NULL, NULL, NULL, NULL, NULL, NULL, NULL, NULL, 0),
(474, 20, 474, NULL, NULL, NULL, NULL, NULL, NULL, NULL, NULL, 0),
(475, 20, 475, NULL, NULL, NULL, NULL, NULL, NULL, NULL, NULL, 0),
(476, 20, 476, NULL, NULL, NULL, NULL, NULL, NULL, NULL, NULL, 0),
(477, 20, 477, NULL, NULL, NULL, NULL, NULL, NULL, NULL, NULL, 0),
(478, 20, 478, NULL, NULL, NULL, NULL, NULL, NULL, NULL, NULL, 0),
(479, 20, 479, NULL, NULL, NULL, NULL, NULL, NULL, NULL, NULL, 0),
(480, 20, 480, NULL, NULL, NULL, NULL, NULL, NULL, NULL, NULL, 0),
(481, 20, 481, NULL, NULL, NULL, NULL, NULL, NULL, NULL, NULL, 0),
(482, 20, 482, NULL, NULL, NULL, NULL, NULL, NULL, NULL, NULL, 0),
(483, 20, 483, NULL, NULL, NULL, NULL, NULL, NULL, NULL, NULL, 0),
(484, 20, 484, NULL, NULL, NULL, NULL, NULL, NULL, NULL, NULL, 0),
(485, 20, 485, NULL, NULL, NULL, NULL, NULL, NULL, NULL, NULL, 0),
(486, 21, 486, NULL, NULL, NULL, NULL, NULL, NULL, NULL, NULL, 0),
(487, 21, 487, NULL, NULL, NULL, NULL, NULL, NULL, NULL, NULL, 0),
(488, 21, 488, NULL, NULL, NULL, NULL, NULL, NULL, NULL, NULL, 0),
(489, 21, 489, NULL, NULL, NULL, NULL, NULL, NULL, NULL, NULL, 0),
(490, 21, 490, NULL, NULL, NULL, NULL, NULL, NULL, NULL, NULL, 0),
(491, 21, 491, NULL, NULL, NULL, NULL, NULL, NULL, NULL, NULL, 0),
(492, 21, 492, NULL, NULL, NULL, NULL, NULL, NULL, NULL, NULL, 0),
(493, 21, 493, NULL, NULL, NULL, NULL, NULL, NULL, NULL, NULL, 0),
(494, 21, 494, NULL, NULL, NULL, NULL, NULL, NULL, NULL, NULL, 0),
(495, 21, 495, NULL, NULL, NULL, NULL, NULL, NULL, NULL, NULL, 0),
(496, 21, 496, NULL, NULL, NULL, NULL, NULL, NULL, NULL, NULL, 0),
(497, 21, 497, NULL, NULL, NULL, NULL, NULL, NULL, NULL, NULL, 0),
(498, 21, 498, NULL, NULL, NULL, NULL, NULL, NULL, NULL, NULL, 0),
(499, 21, 499, NULL, NULL, NULL, NULL, NULL, NULL, NULL, NULL, 0),
(500, 21, 500, NULL, NULL, NULL, NULL, NULL, NULL, NULL, NULL, 0),
(501, 21, 501, NULL, NULL, NULL, NULL, NULL, NULL, NULL, NULL, 0),
(502, 21, 502, NULL, NULL, NULL, NULL, NULL, NULL, NULL, NULL, 0),
(503, 21, 503, NULL, NULL, NULL, NULL, NULL, NULL, NULL, NULL, 0),
(504, 21, 504, NULL, NULL, NULL, NULL, NULL, NULL, NULL, NULL, 0),
(505, 21, 505, NULL, NULL, NULL, NULL, NULL, NULL, NULL, NULL, 0),
(506, 21, 506, NULL, NULL, NULL, NULL, NULL, NULL, NULL, NULL, 0),
(507, 21, 507, NULL, NULL, NULL, NULL, NULL, NULL, NULL, NULL, 0),
(508, 21, 508, NULL, NULL, NULL, NULL, NULL, NULL, NULL, NULL, 0),
(509, 21, 509, NULL, NULL, NULL, NULL, NULL, NULL, NULL, NULL, 0),
(510, 21, 510, NULL, NULL, NULL, NULL, NULL, NULL, NULL, NULL, 0),
(511, 21, 511, NULL, NULL, NULL, NULL, NULL, NULL, NULL, NULL, 0),
(512, 22, 512, NULL, NULL, NULL, NULL, NULL, NULL, NULL, NULL, 0),
(513, 22, 513, NULL, NULL, NULL, NULL, NULL, NULL, NULL, NULL, 0),
(514, 22, 514, NULL, NULL, NULL, NULL, NULL, NULL, NULL, NULL, 0),
(515, 22, 515, NULL, NULL, NULL, NULL, NULL, NULL, NULL, NULL, 0),
(516, 22, 516, NULL, NULL, NULL, NULL, NULL, NULL, NULL, NULL, 0),
(517, 22, 517, NULL, NULL, NULL, NULL, NULL, NULL, NULL, NULL, 0),
(518, 22, 518, NULL, NULL, NULL, NULL, NULL, NULL, NULL, NULL, 0),
(519, 22, 519, NULL, NULL, NULL, NULL, NULL, NULL, NULL, NULL, 0),
(520, 22, 520, NULL, NULL, NULL, NULL, NULL, NULL, NULL, NULL, 0),
(521, 22, 521, NULL, NULL, NULL, NULL, NULL, NULL, NULL, NULL, 0),
(522, 22, 522, NULL, NULL, NULL, NULL, NULL, NULL, NULL, NULL, 0),
(523, 22, 523, NULL, NULL, NULL, NULL, NULL, NULL, NULL, NULL, 0),
(524, 22, 524, NULL, NULL, NULL, NULL, NULL, NULL, NULL, NULL, 0),
(525, 22, 525, NULL, NULL, NULL, NULL, NULL, NULL, NULL, NULL, 0),
(526, 22, 526, NULL, NULL, NULL, NULL, NULL, NULL, NULL, NULL, 0),
(527, 22, 527, NULL, NULL, NULL, NULL, NULL, NULL, NULL, NULL, 0),
(528, 22, 528, NULL, NULL, NULL, NULL, NULL, NULL, NULL, NULL, 0),
(529, 22, 529, NULL, NULL, NULL, NULL, NULL, NULL, NULL, NULL, 0),
(530, 22, 530, NULL, NULL, NULL, NULL, NULL, NULL, NULL, NULL, 0),
(531, 22, 531, NULL, NULL, NULL, NULL, NULL, NULL, NULL, NULL, 0),
(532, 22, 532, NULL, NULL, NULL, NULL, NULL, NULL, NULL, NULL, 0),
(533, 22, 533, NULL, NULL, NULL, NULL, NULL, NULL, NULL, NULL, 0),
(534, 22, 534, NULL, NULL, NULL, NULL, NULL, NULL, NULL, NULL, 0),
(535, 22, 535, NULL, NULL, NULL, NULL, NULL, NULL, NULL, NULL, 0),
(536, 22, 536, NULL, NULL, NULL, NULL, NULL, NULL, NULL, NULL, 0),
(537, 22, 537, NULL, NULL, NULL, NULL, NULL, NULL, NULL, NULL, 0),
(538, 23, 538, NULL, NULL, NULL, NULL, NULL, NULL, NULL, NULL, 0),
(539, 23, 539, NULL, NULL, NULL, NULL, NULL, NULL, NULL, NULL, 0),
(540, 23, 540, NULL, NULL, NULL, NULL, NULL, NULL, NULL, NULL, 0),
(541, 23, 541, NULL, NULL, NULL, NULL, NULL, NULL, NULL, NULL, 0),
(542, 23, 542, NULL, NULL, NULL, NULL, NULL, NULL, NULL, NULL, 0),
(543, 23, 543, NULL, NULL, NULL, NULL, NULL, NULL, NULL, NULL, 0),
(544, 23, 544, NULL, NULL, NULL, NULL, NULL, NULL, NULL, NULL, 0),
(545, 23, 545, NULL, NULL, NULL, NULL, NULL, NULL, NULL, NULL, 0),
(546, 23, 546, NULL, NULL, NULL, NULL, NULL, NULL, NULL, NULL, 0),
(547, 23, 547, NULL, NULL, NULL, NULL, NULL, NULL, NULL, NULL, 0),
(548, 23, 548, NULL, NULL, NULL, NULL, NULL, NULL, NULL, NULL, 0),
(549, 23, 549, NULL, NULL, NULL, NULL, NULL, NULL, NULL, NULL, 0),
(550, 23, 550, NULL, NULL, NULL, NULL, NULL, NULL, NULL, NULL, 0),
(551, 23, 551, NULL, NULL, NULL, NULL, NULL, NULL, NULL, NULL, 0),
(552, 23, 552, NULL, NULL, NULL, NULL, NULL, NULL, NULL, NULL, 0),
(553, 23, 553, NULL, NULL, NULL, NULL, NULL, NULL, NULL, NULL, 0),
(554, 23, 554, NULL, NULL, NULL, NULL, NULL, NULL, NULL, NULL, 0),
(555, 23, 555, NULL, NULL, NULL, NULL, NULL, NULL, NULL, NULL, 0),
(556, 23, 556, NULL, NULL, NULL, NULL, NULL, NULL, NULL, NULL, 0),
(557, 23, 557, NULL, NULL, NULL, NULL, NULL, NULL, NULL, NULL, 0),
(558, 23, 558, NULL, NULL, NULL, NULL, NULL, NULL, NULL, NULL, 0),
(559, 23, 559, NULL, NULL, NULL, NULL, NULL, NULL, NULL, NULL, 0),
(560, 23, 560, NULL, NULL, NULL, NULL, NULL, NULL, NULL, NULL, 0),
(561, 23, 561, NULL, NULL, NULL, NULL, NULL, NULL, NULL, NULL, 0),
(562, 23, 562, NULL, NULL, NULL, NULL, NULL, NULL, NULL, NULL, 0),
(563, 23, 563, NULL, NULL, NULL, NULL, NULL, NULL, NULL, NULL, 0),
(564, 24, 564, NULL, NULL, NULL, NULL, NULL, NULL, NULL, NULL, 0),
(565, 24, 565, NULL, NULL, NULL, NULL, NULL, NULL, NULL, NULL, 0),
(566, 24, 566, NULL, NULL, NULL, NULL, NULL, NULL, NULL, NULL, 0),
(567, 24, 567, NULL, NULL, NULL, NULL, NULL, NULL, NULL, NULL, 0),
(568, 24, 568, NULL, NULL, NULL, NULL, NULL, NULL, NULL, NULL, 0),
(569, 24, 569, NULL, NULL, NULL, NULL, NULL, NULL, NULL, NULL, 0),
(570, 24, 570, NULL, NULL, NULL, NULL, NULL, NULL, NULL, NULL, 0),
(571, 24, 571, NULL, NULL, NULL, NULL, NULL, NULL, NULL, NULL, 0),
(572, 24, 572, NULL, NULL, NULL, NULL, NULL, NULL, NULL, NULL, 0),
(573, 24, 573, NULL, NULL, NULL, NULL, NULL, NULL, NULL, NULL, 0),
(574, 24, 574, NULL, NULL, NULL, NULL, NULL, NULL, NULL, NULL, 0),
(575, 24, 575, NULL, NULL, NULL, NULL, NULL, NULL, NULL, NULL, 0),
(576, 24, 576, NULL, NULL, NULL, NULL, NULL, NULL, NULL, NULL, 0),
(577, 24, 577, NULL, NULL, NULL, NULL, NULL, NULL, NULL, NULL, 0),
(578, 24, 578, NULL, NULL, NULL, NULL, NULL, NULL, NULL, NULL, 0),
(579, 24, 579, NULL, NULL, NULL, NULL, NULL, NULL, NULL, NULL, 0),
(580, 24, 580, NULL, NULL, NULL, NULL, NULL, NULL, NULL, NULL, 0),
(581, 24, 581, NULL, NULL, NULL, NULL, NULL, NULL, NULL, NULL, 0),
(582, 24, 582, NULL, NULL, NULL, NULL, NULL, NULL, NULL, NULL, 0),
(583, 24, 583, NULL, NULL, NULL, NULL, NULL, NULL, NULL, NULL, 0),
(584, 24, 584, NULL, NULL, NULL, NULL, NULL, NULL, NULL, NULL, 0),
(585, 24, 585, NULL, NULL, NULL, NULL, NULL, NULL, NULL, NULL, 0),
(586, 24, 586, NULL, NULL, NULL, NULL, NULL, NULL, NULL, NULL, 0),
(587, 24, 587, NULL, NULL, NULL, NULL, NULL, NULL, NULL, NULL, 0),
(588, 24, 588, NULL, NULL, NULL, NULL, NULL, NULL, NULL, NULL, 0),
(589, 24, 589, NULL, NULL, NULL, NULL, NULL, NULL, NULL, NULL, 0),
(590, 25, 590, NULL, NULL, NULL, NULL, NULL, NULL, NULL, NULL, 0),
(591, 25, 591, NULL, NULL, NULL, NULL, NULL, NULL, NULL, NULL, 0),
(592, 25, 592, NULL, NULL, NULL, NULL, NULL, NULL, NULL, NULL, 0),
(593, 25, 593, NULL, NULL, NULL, NULL, NULL, NULL, NULL, NULL, 0),
(594, 25, 594, NULL, NULL, NULL, NULL, NULL, NULL, NULL, NULL, 0),
(595, 25, 595, NULL, NULL, NULL, NULL, NULL, NULL, NULL, NULL, 0),
(596, 25, 596, NULL, NULL, NULL, NULL, NULL, NULL, NULL, NULL, 0),
(597, 25, 597, NULL, NULL, NULL, NULL, NULL, NULL, NULL, NULL, 0),
(598, 25, 598, NULL, NULL, NULL, NULL, NULL, NULL, NULL, NULL, 0),
(599, 25, 599, NULL, NULL, NULL, NULL, NULL, NULL, NULL, NULL, 0),
(600, 25, 600, NULL, NULL, NULL, NULL, NULL, NULL, NULL, NULL, 0),
(601, 25, 601, NULL, NULL, NULL, NULL, NULL, NULL, NULL, NULL, 0),
(602, 25, 602, NULL, NULL, NULL, NULL, NULL, NULL, NULL, NULL, 0),
(603, 25, 603, NULL, NULL, NULL, NULL, NULL, NULL, NULL, NULL, 0),
(604, 25, 604, NULL, NULL, NULL, NULL, NULL, NULL, NULL, NULL, 0),
(605, 25, 605, NULL, NULL, NULL, NULL, NULL, NULL, NULL, NULL, 0),
(606, 25, 606, NULL, NULL, NULL, NULL, NULL, NULL, NULL, NULL, 0),
(607, 25, 607, NULL, NULL, NULL, NULL, NULL, NULL, NULL, NULL, 0),
(608, 25, 608, NULL, NULL, NULL, NULL, NULL, NULL, NULL, NULL, 0),
(609, 25, 609, NULL, NULL, NULL, NULL, NULL, NULL, NULL, NULL, 0),
(610, 25, 610, NULL, NULL, NULL, NULL, NULL, NULL, NULL, NULL, 0),
(611, 25, 611, NULL, NULL, NULL, NULL, NULL, NULL, NULL, NULL, 0),
(612, 25, 612, NULL, NULL, NULL, NULL, NULL, NULL, NULL, NULL, 0),
(613, 25, 613, NULL, NULL, NULL, NULL, NULL, NULL, NULL, NULL, 0),
(614, 25, 614, NULL, NULL, NULL, NULL, NULL, NULL, NULL, NULL, 0),
(615, 25, 615, NULL, NULL, NULL, NULL, NULL, NULL, NULL, NULL, 0),
(616, 26, 616, NULL, NULL, NULL, NULL, NULL, NULL, NULL, NULL, 0),
(617, 26, 617, NULL, NULL, NULL, NULL, NULL, NULL, NULL, NULL, 0),
(618, 26, 618, NULL, NULL, NULL, NULL, NULL, NULL, NULL, NULL, 0),
(619, 26, 619, NULL, NULL, NULL, NULL, NULL, NULL, NULL, NULL, 0),
(620, 26, 620, NULL, NULL, NULL, NULL, NULL, NULL, NULL, NULL, 0),
(621, 26, 621, NULL, NULL, NULL, NULL, NULL, NULL, NULL, NULL, 0),
(622, 26, 622, NULL, NULL, NULL, NULL, NULL, NULL, NULL, NULL, 0),
(623, 26, 623, NULL, NULL, NULL, NULL, NULL, NULL, NULL, NULL, 0),
(624, 26, 624, NULL, NULL, NULL, NULL, NULL, NULL, NULL, NULL, 0),
(625, 26, 625, NULL, NULL, NULL, NULL, NULL, NULL, NULL, NULL, 0),
(626, 26, 626, NULL, NULL, NULL, NULL, NULL, NULL, NULL, NULL, 0),
(627, 26, 627, NULL, NULL, NULL, NULL, NULL, NULL, NULL, NULL, 0),
(628, 26, 628, NULL, NULL, NULL, NULL, NULL, NULL, NULL, NULL, 0),
(629, 26, 629, NULL, NULL, NULL, NULL, NULL, NULL, NULL, NULL, 0),
(630, 26, 630, NULL, NULL, NULL, NULL, NULL, NULL, NULL, NULL, 0),
(631, 26, 631, NULL, NULL, NULL, NULL, NULL, NULL, NULL, NULL, 0),
(632, 26, 632, NULL, NULL, NULL, NULL, NULL, NULL, NULL, NULL, 0),
(633, 26, 633, NULL, NULL, NULL, NULL, NULL, NULL, NULL, NULL, 0),
(634, 26, 634, NULL, NULL, NULL, NULL, NULL, NULL, NULL, NULL, 0),
(635, 26, 635, NULL, NULL, NULL, NULL, NULL, NULL, NULL, NULL, 0),
(636, 26, 636, NULL, NULL, NULL, NULL, NULL, NULL, NULL, NULL, 0),
(637, 26, 637, NULL, NULL, NULL, NULL, NULL, NULL, NULL, NULL, 0),
(638, 26, 638, NULL, NULL, NULL, NULL, NULL, NULL, NULL, NULL, 0),
(639, 26, 639, NULL, NULL, NULL, NULL, NULL, NULL, NULL, NULL, 0),
(640, 26, 640, NULL, NULL, NULL, NULL, NULL, NULL, NULL, NULL, 0),
(641, 26, 641, NULL, NULL, NULL, NULL, NULL, NULL, NULL, NULL, 0),
(642, 27, 642, NULL, NULL, NULL, NULL, NULL, NULL, NULL, NULL, 0),
(643, 27, 643, NULL, NULL, NULL, NULL, NULL, NULL, NULL, NULL, 0),
(644, 27, 644, NULL, NULL, NULL, NULL, NULL, NULL, NULL, NULL, 0),
(645, 27, 645, NULL, NULL, NULL, NULL, NULL, NULL, NULL, NULL, 0),
(646, 27, 646, NULL, NULL, NULL, NULL, NULL, NULL, NULL, NULL, 0),
(647, 27, 647, NULL, NULL, NULL, NULL, NULL, NULL, NULL, NULL, 0),
(648, 27, 648, NULL, NULL, NULL, NULL, NULL, NULL, NULL, NULL, 0),
(649, 27, 649, NULL, NULL, NULL, NULL, NULL, NULL, NULL, NULL, 0),
(650, 27, 650, NULL, NULL, NULL, NULL, NULL, NULL, NULL, NULL, 0),
(651, 27, 651, NULL, NULL, NULL, NULL, NULL, NULL, NULL, NULL, 0),
(652, 27, 652, NULL, NULL, NULL, NULL, NULL, NULL, NULL, NULL, 0),
(653, 27, 653, NULL, NULL, NULL, NULL, NULL, NULL, NULL, NULL, 0),
(654, 27, 654, NULL, NULL, NULL, NULL, NULL, NULL, NULL, NULL, 0),
(655, 27, 655, NULL, NULL, NULL, NULL, NULL, NULL, NULL, NULL, 0),
(656, 27, 656, NULL, NULL, NULL, NULL, NULL, NULL, NULL, NULL, 0),
(657, 27, 657, NULL, NULL, NULL, NULL, NULL, NULL, NULL, NULL, 0),
(658, 27, 658, NULL, NULL, NULL, NULL, NULL, NULL, NULL, NULL, 0),
(659, 27, 659, NULL, NULL, NULL, NULL, NULL, NULL, NULL, NULL, 0),
(660, 27, 660, NULL, NULL, NULL, NULL, NULL, NULL, NULL, NULL, 0),
(661, 27, 661, NULL, NULL, NULL, NULL, NULL, NULL, NULL, NULL, 0),
(662, 27, 662, NULL, NULL, NULL, NULL, NULL, NULL, NULL, NULL, 0),
(663, 27, 663, NULL, NULL, NULL, NULL, NULL, NULL, NULL, NULL, 0),
(664, 27, 664, NULL, NULL, NULL, NULL, NULL, NULL, NULL, NULL, 0),
(665, 27, 665, NULL, NULL, NULL, NULL, NULL, NULL, NULL, NULL, 0),
(666, 27, 666, NULL, NULL, NULL, NULL, NULL, NULL, NULL, NULL, 0),
(667, 27, 667, NULL, NULL, NULL, NULL, NULL, NULL, NULL, NULL, 0),
(668, 28, 668, NULL, NULL, NULL, NULL, NULL, NULL, NULL, NULL, 0),
(669, 28, 669, NULL, NULL, NULL, NULL, NULL, NULL, NULL, NULL, 0),
(670, 28, 670, NULL, NULL, NULL, NULL, NULL, NULL, NULL, NULL, 0),
(671, 28, 671, NULL, NULL, NULL, NULL, NULL, NULL, NULL, NULL, 0),
(672, 28, 672, NULL, NULL, NULL, NULL, NULL, NULL, NULL, NULL, 0),
(673, 28, 673, NULL, NULL, NULL, NULL, NULL, NULL, NULL, NULL, 0),
(674, 28, 674, NULL, NULL, NULL, NULL, NULL, NULL, NULL, NULL, 0),
(675, 28, 675, NULL, NULL, NULL, NULL, NULL, NULL, NULL, NULL, 0),
(676, 28, 676, NULL, NULL, NULL, NULL, NULL, NULL, NULL, NULL, 0),
(677, 28, 677, NULL, NULL, NULL, NULL, NULL, NULL, NULL, NULL, 0),
(678, 28, 678, NULL, NULL, NULL, NULL, NULL, NULL, NULL, NULL, 0),
(679, 28, 679, NULL, NULL, NULL, NULL, NULL, NULL, NULL, NULL, 0),
(680, 28, 680, NULL, NULL, NULL, NULL, NULL, NULL, NULL, NULL, 0),
(681, 28, 681, NULL, NULL, NULL, NULL, NULL, NULL, NULL, NULL, 0),
(682, 28, 682, NULL, NULL, NULL, NULL, NULL, NULL, NULL, NULL, 0),
(683, 28, 683, NULL, NULL, NULL, NULL, NULL, NULL, NULL, NULL, 0),
(684, 28, 684, NULL, NULL, NULL, NULL, NULL, NULL, NULL, NULL, 0),
(685, 28, 685, NULL, NULL, NULL, NULL, NULL, NULL, NULL, NULL, 0),
(686, 28, 686, NULL, NULL, NULL, NULL, NULL, NULL, NULL, NULL, 0),
(687, 28, 687, NULL, NULL, NULL, NULL, NULL, NULL, NULL, NULL, 0),
(688, 28, 688, NULL, NULL, NULL, NULL, NULL, NULL, NULL, NULL, 0),
(689, 28, 689, NULL, NULL, NULL, NULL, NULL, NULL, NULL, NULL, 0),
(690, 28, 690, NULL, NULL, NULL, NULL, NULL, NULL, NULL, NULL, 0),
(691, 28, 691, NULL, NULL, NULL, NULL, NULL, NULL, NULL, NULL, 0),
(692, 28, 692, NULL, NULL, NULL, NULL, NULL, NULL, NULL, NULL, 0),
(693, 28, 693, NULL, NULL, NULL, NULL, NULL, NULL, NULL, NULL, 0),
(694, 29, 694, NULL, NULL, NULL, NULL, NULL, NULL, NULL, NULL, 0),
(695, 29, 695, NULL, NULL, NULL, NULL, NULL, NULL, NULL, NULL, 0),
(696, 29, 696, NULL, NULL, NULL, NULL, NULL, NULL, NULL, NULL, 0),
(697, 29, 697, NULL, NULL, NULL, NULL, NULL, NULL, NULL, NULL, 0),
(698, 29, 698, NULL, NULL, NULL, NULL, NULL, NULL, NULL, NULL, 0),
(699, 29, 699, NULL, NULL, NULL, NULL, NULL, NULL, NULL, NULL, 0),
(700, 29, 700, NULL, NULL, NULL, NULL, NULL, NULL, NULL, NULL, 0),
(701, 29, 701, NULL, NULL, NULL, NULL, NULL, NULL, NULL, NULL, 0),
(702, 29, 702, NULL, NULL, NULL, NULL, NULL, NULL, NULL, NULL, 0),
(703, 29, 703, NULL, NULL, NULL, NULL, NULL, NULL, NULL, NULL, 0),
(704, 29, 704, NULL, NULL, NULL, NULL, NULL, NULL, NULL, NULL, 0),
(705, 29, 705, NULL, NULL, NULL, NULL, NULL, NULL, NULL, NULL, 0),
(706, 29, 706, NULL, NULL, NULL, NULL, NULL, NULL, NULL, NULL, 0),
(707, 29, 707, NULL, NULL, NULL, NULL, NULL, NULL, NULL, NULL, 0),
(708, 29, 708, NULL, NULL, NULL, NULL, NULL, NULL, NULL, NULL, 0),
(709, 29, 709, NULL, NULL, NULL, NULL, NULL, NULL, NULL, NULL, 0),
(710, 29, 710, NULL, NULL, NULL, NULL, NULL, NULL, NULL, NULL, 0),
(711, 29, 711, NULL, NULL, NULL, NULL, NULL, NULL, NULL, NULL, 0),
(712, 29, 712, NULL, NULL, NULL, NULL, NULL, NULL, NULL, NULL, 0),
(713, 29, 713, NULL, NULL, NULL, NULL, NULL, NULL, NULL, NULL, 0),
(714, 29, 714, NULL, NULL, NULL, NULL, NULL, NULL, NULL, NULL, 0),
(715, 29, 715, NULL, NULL, NULL, NULL, NULL, NULL, NULL, NULL, 0),
(716, 29, 716, NULL, NULL, NULL, NULL, NULL, NULL, NULL, NULL, 0),
(717, 29, 717, NULL, NULL, NULL, NULL, NULL, NULL, NULL, NULL, 0),
(718, 29, 718, NULL, NULL, NULL, NULL, NULL, NULL, NULL, NULL, 0),
(719, 29, 719, NULL, NULL, NULL, NULL, NULL, NULL, NULL, NULL, 0),
(720, 30, 720, NULL, NULL, NULL, NULL, NULL, NULL, NULL, NULL, 0),
(721, 30, 721, NULL, NULL, NULL, NULL, NULL, NULL, NULL, NULL, 0),
(722, 30, 722, NULL, NULL, NULL, NULL, NULL, NULL, NULL, NULL, 0),
(723, 30, 723, NULL, NULL, NULL, NULL, NULL, NULL, NULL, NULL, 0),
(724, 30, 724, NULL, NULL, NULL, NULL, NULL, NULL, NULL, NULL, 0),
(725, 30, 725, NULL, NULL, NULL, NULL, NULL, NULL, NULL, NULL, 0),
(726, 30, 726, NULL, NULL, NULL, NULL, NULL, NULL, NULL, NULL, 0),
(727, 30, 727, NULL, NULL, NULL, NULL, NULL, NULL, NULL, NULL, 0),
(728, 30, 728, NULL, NULL, NULL, NULL, NULL, NULL, NULL, NULL, 0),
(729, 30, 729, NULL, NULL, NULL, NULL, NULL, NULL, NULL, NULL, 0),
(730, 30, 730, NULL, NULL, NULL, NULL, NULL, NULL, NULL, NULL, 0),
(731, 30, 731, NULL, NULL, NULL, NULL, NULL, NULL, NULL, NULL, 0),
(732, 30, 732, NULL, NULL, NULL, NULL, NULL, NULL, NULL, NULL, 0),
(733, 30, 733, NULL, NULL, NULL, NULL, NULL, NULL, NULL, NULL, 0),
(734, 30, 734, NULL, NULL, NULL, NULL, NULL, NULL, NULL, NULL, 0),
(735, 30, 735, NULL, NULL, NULL, NULL, NULL, NULL, NULL, NULL, 0),
(736, 30, 736, NULL, NULL, NULL, NULL, NULL, NULL, NULL, NULL, 0),
(737, 30, 737, NULL, NULL, NULL, NULL, NULL, NULL, NULL, NULL, 0),
(738, 30, 738, NULL, NULL, NULL, NULL, NULL, NULL, NULL, NULL, 0),
(739, 30, 739, NULL, NULL, NULL, NULL, NULL, NULL, NULL, NULL, 0),
(740, 30, 740, NULL, NULL, NULL, NULL, NULL, NULL, NULL, NULL, 0),
(741, 30, 741, NULL, NULL, NULL, NULL, NULL, NULL, NULL, NULL, 0),
(742, 30, 742, NULL, NULL, NULL, NULL, NULL, NULL, NULL, NULL, 0),
(743, 30, 743, NULL, NULL, NULL, NULL, NULL, NULL, NULL, NULL, 0),
(744, 30, 744, NULL, NULL, NULL, NULL, NULL, NULL, NULL, NULL, 0),
(745, 30, 745, NULL, NULL, NULL, NULL, NULL, NULL, NULL, NULL, 0),
(746, 31, 746, NULL, NULL, NULL, NULL, NULL, NULL, NULL, NULL, 0),
(747, 31, 747, NULL, NULL, NULL, NULL, NULL, NULL, NULL, NULL, 0),
(748, 31, 748, NULL, NULL, NULL, NULL, NULL, NULL, NULL, NULL, 0),
(749, 31, 749, NULL, NULL, NULL, NULL, NULL, NULL, NULL, NULL, 0),
(750, 31, 750, NULL, NULL, NULL, NULL, NULL, NULL, NULL, NULL, 0),
(751, 31, 751, NULL, NULL, NULL, NULL, NULL, NULL, NULL, NULL, 0),
(752, 31, 752, NULL, NULL, NULL, NULL, NULL, NULL, NULL, NULL, 0),
(753, 31, 753, NULL, NULL, NULL, NULL, NULL, NULL, NULL, NULL, 0),
(754, 31, 754, NULL, NULL, NULL, NULL, NULL, NULL, NULL, NULL, 0),
(755, 31, 755, NULL, NULL, NULL, NULL, NULL, NULL, NULL, NULL, 0),
(756, 31, 756, NULL, NULL, NULL, NULL, NULL, NULL, NULL, NULL, 0),
(757, 31, 757, NULL, NULL, NULL, NULL, NULL, NULL, NULL, NULL, 0),
(758, 31, 758, NULL, NULL, NULL, NULL, NULL, NULL, NULL, NULL, 0),
(759, 31, 759, NULL, NULL, NULL, NULL, NULL, NULL, NULL, NULL, 0),
(760, 31, 760, NULL, NULL, NULL, NULL, NULL, NULL, NULL, NULL, 0),
(761, 31, 761, NULL, NULL, NULL, NULL, NULL, NULL, NULL, NULL, 0),
(762, 31, 762, NULL, NULL, NULL, NULL, NULL, NULL, NULL, NULL, 0),
(763, 31, 763, NULL, NULL, NULL, NULL, NULL, NULL, NULL, NULL, 0),
(764, 31, 764, NULL, NULL, NULL, NULL, NULL, NULL, NULL, NULL, 0),
(765, 31, 765, NULL, NULL, NULL, NULL, NULL, NULL, NULL, NULL, 0),
(766, 31, 766, NULL, NULL, NULL, NULL, NULL, NULL, NULL, NULL, 0),
(767, 31, 767, NULL, NULL, NULL, NULL, NULL, NULL, NULL, NULL, 0);
INSERT INTO `cali_apartments_b` (`id`, `floor_num`, `num`, `money`, `total_area`, `living_space`, `balcony_area`, `ru`, `en`, `ge`, `he`, `status`) VALUES
(768, 31, 768, NULL, NULL, NULL, NULL, NULL, NULL, NULL, NULL, 0),
(769, 31, 769, NULL, NULL, NULL, NULL, NULL, NULL, NULL, NULL, 0),
(770, 31, 770, NULL, NULL, NULL, NULL, NULL, NULL, NULL, NULL, 0),
(771, 31, 771, NULL, NULL, NULL, NULL, NULL, NULL, NULL, NULL, 0),
(772, 32, 772, NULL, NULL, NULL, NULL, NULL, NULL, NULL, NULL, 0),
(773, 32, 773, NULL, NULL, NULL, NULL, NULL, NULL, NULL, NULL, 0),
(774, 32, 774, NULL, NULL, NULL, NULL, NULL, NULL, NULL, NULL, 0),
(775, 32, 775, NULL, NULL, NULL, NULL, NULL, NULL, NULL, NULL, 0),
(776, 32, 776, NULL, NULL, NULL, NULL, NULL, NULL, NULL, NULL, 0),
(777, 32, 777, NULL, NULL, NULL, NULL, NULL, NULL, NULL, NULL, 0),
(778, 32, 778, NULL, NULL, NULL, NULL, NULL, NULL, NULL, NULL, 0),
(779, 32, 779, NULL, NULL, NULL, NULL, NULL, NULL, NULL, NULL, 0),
(780, 32, 780, NULL, NULL, NULL, NULL, NULL, NULL, NULL, NULL, 0),
(781, 32, 781, NULL, NULL, NULL, NULL, NULL, NULL, NULL, NULL, 0),
(782, 32, 782, NULL, NULL, NULL, NULL, NULL, NULL, NULL, NULL, 0),
(783, 32, 783, NULL, NULL, NULL, NULL, NULL, NULL, NULL, NULL, 0),
(784, 32, 784, NULL, NULL, NULL, NULL, NULL, NULL, NULL, NULL, 0),
(785, 32, 785, NULL, NULL, NULL, NULL, NULL, NULL, NULL, NULL, 0),
(786, 32, 786, NULL, NULL, NULL, NULL, NULL, NULL, NULL, NULL, 0),
(787, 32, 787, NULL, NULL, NULL, NULL, NULL, NULL, NULL, NULL, 0),
(788, 32, 788, NULL, NULL, NULL, NULL, NULL, NULL, NULL, NULL, 0),
(789, 32, 789, NULL, NULL, NULL, NULL, NULL, NULL, NULL, NULL, 0),
(790, 32, 790, NULL, NULL, NULL, NULL, NULL, NULL, NULL, NULL, 0),
(791, 32, 791, NULL, NULL, NULL, NULL, NULL, NULL, NULL, NULL, 0),
(792, 32, 792, NULL, NULL, NULL, NULL, NULL, NULL, NULL, NULL, 0),
(793, 32, 793, NULL, NULL, NULL, NULL, NULL, NULL, NULL, NULL, 0),
(794, 32, 794, NULL, NULL, NULL, NULL, NULL, NULL, NULL, NULL, 0),
(795, 32, 795, NULL, NULL, NULL, NULL, NULL, NULL, NULL, NULL, 0),
(796, 32, 796, NULL, NULL, NULL, NULL, NULL, NULL, NULL, NULL, 0),
(797, 32, 797, NULL, NULL, NULL, NULL, NULL, NULL, NULL, NULL, 0),
(798, 33, 798, NULL, NULL, NULL, NULL, NULL, NULL, NULL, NULL, 0),
(799, 33, 799, NULL, NULL, NULL, NULL, NULL, NULL, NULL, NULL, 0),
(800, 33, 800, NULL, NULL, NULL, NULL, NULL, NULL, NULL, NULL, 0),
(801, 33, 801, NULL, NULL, NULL, NULL, NULL, NULL, NULL, NULL, 0),
(802, 33, 802, NULL, NULL, NULL, NULL, NULL, NULL, NULL, NULL, 0),
(803, 33, 803, NULL, NULL, NULL, NULL, NULL, NULL, NULL, NULL, 0),
(804, 33, 804, NULL, NULL, NULL, NULL, NULL, NULL, NULL, NULL, 0),
(805, 33, 805, NULL, NULL, NULL, NULL, NULL, NULL, NULL, NULL, 0),
(806, 33, 806, NULL, NULL, NULL, NULL, NULL, NULL, NULL, NULL, 0),
(807, 33, 807, NULL, NULL, NULL, NULL, NULL, NULL, NULL, NULL, 0),
(808, 33, 808, NULL, NULL, NULL, NULL, NULL, NULL, NULL, NULL, 0),
(809, 33, 809, NULL, NULL, NULL, NULL, NULL, NULL, NULL, NULL, 0),
(810, 33, 810, NULL, NULL, NULL, NULL, NULL, NULL, NULL, NULL, 0),
(811, 33, 811, NULL, NULL, NULL, NULL, NULL, NULL, NULL, NULL, 0),
(812, 33, 812, NULL, NULL, NULL, NULL, NULL, NULL, NULL, NULL, 0),
(813, 33, 813, NULL, NULL, NULL, NULL, NULL, NULL, NULL, NULL, 0),
(814, 33, 814, NULL, NULL, NULL, NULL, NULL, NULL, NULL, NULL, 0),
(815, 33, 815, NULL, NULL, NULL, NULL, NULL, NULL, NULL, NULL, 0),
(816, 33, 816, NULL, NULL, NULL, NULL, NULL, NULL, NULL, NULL, 0),
(817, 33, 817, NULL, NULL, NULL, NULL, NULL, NULL, NULL, NULL, 0),
(818, 33, 818, NULL, NULL, NULL, NULL, NULL, NULL, NULL, NULL, 0),
(819, 33, 819, NULL, NULL, NULL, NULL, NULL, NULL, NULL, NULL, 0),
(820, 33, 820, NULL, NULL, NULL, NULL, NULL, NULL, NULL, NULL, 0),
(821, 33, 821, NULL, NULL, NULL, NULL, NULL, NULL, NULL, NULL, 0),
(822, 33, 822, NULL, NULL, NULL, NULL, NULL, NULL, NULL, NULL, 0),
(823, 33, 823, NULL, NULL, NULL, NULL, NULL, NULL, NULL, NULL, 0),
(824, 34, 824, NULL, NULL, NULL, NULL, NULL, NULL, NULL, NULL, 0),
(825, 34, 825, NULL, NULL, NULL, NULL, NULL, NULL, NULL, NULL, 0),
(826, 34, 826, NULL, NULL, NULL, NULL, NULL, NULL, NULL, NULL, 0),
(827, 34, 827, NULL, NULL, NULL, NULL, NULL, NULL, NULL, NULL, 0),
(828, 34, 828, NULL, NULL, NULL, NULL, NULL, NULL, NULL, NULL, 0),
(829, 34, 829, NULL, NULL, NULL, NULL, NULL, NULL, NULL, NULL, 0),
(830, 34, 830, NULL, NULL, NULL, NULL, NULL, NULL, NULL, NULL, 0),
(831, 34, 831, NULL, NULL, NULL, NULL, NULL, NULL, NULL, NULL, 0),
(832, 34, 832, NULL, NULL, NULL, NULL, NULL, NULL, NULL, NULL, 0),
(833, 34, 833, NULL, NULL, NULL, NULL, NULL, NULL, NULL, NULL, 0),
(834, 34, 834, NULL, NULL, NULL, NULL, NULL, NULL, NULL, NULL, 0),
(835, 34, 835, NULL, NULL, NULL, NULL, NULL, NULL, NULL, NULL, 0),
(836, 34, 836, NULL, NULL, NULL, NULL, NULL, NULL, NULL, NULL, 0),
(837, 34, 837, NULL, NULL, NULL, NULL, NULL, NULL, NULL, NULL, 0),
(838, 34, 838, NULL, NULL, NULL, NULL, NULL, NULL, NULL, NULL, 0),
(839, 34, 839, NULL, NULL, NULL, NULL, NULL, NULL, NULL, NULL, 0),
(840, 34, 840, NULL, NULL, NULL, NULL, NULL, NULL, NULL, NULL, 0),
(841, 34, 841, NULL, NULL, NULL, NULL, NULL, NULL, NULL, NULL, 0),
(842, 34, 842, NULL, NULL, NULL, NULL, NULL, NULL, NULL, NULL, 0),
(843, 34, 843, NULL, NULL, NULL, NULL, NULL, NULL, NULL, NULL, 0),
(844, 34, 844, NULL, NULL, NULL, NULL, NULL, NULL, NULL, NULL, 0),
(845, 34, 845, NULL, NULL, NULL, NULL, NULL, NULL, NULL, NULL, 0),
(846, 34, 846, NULL, NULL, NULL, NULL, NULL, NULL, NULL, NULL, 0),
(847, 34, 847, NULL, NULL, NULL, NULL, NULL, NULL, NULL, NULL, 0),
(848, 34, 848, NULL, NULL, NULL, NULL, NULL, NULL, NULL, NULL, 0),
(849, 34, 849, NULL, NULL, NULL, NULL, NULL, NULL, NULL, NULL, 0),
(850, 35, 850, NULL, NULL, NULL, NULL, NULL, NULL, NULL, NULL, 0),
(851, 35, 851, NULL, NULL, NULL, NULL, NULL, NULL, NULL, NULL, 0),
(852, 35, 852, NULL, NULL, NULL, NULL, NULL, NULL, NULL, NULL, 0),
(853, 35, 853, NULL, NULL, NULL, NULL, NULL, NULL, NULL, NULL, 0),
(854, 35, 854, NULL, NULL, NULL, NULL, NULL, NULL, NULL, NULL, 0),
(855, 35, 855, NULL, NULL, NULL, NULL, NULL, NULL, NULL, NULL, 0),
(856, 35, 856, NULL, NULL, NULL, NULL, NULL, NULL, NULL, NULL, 0),
(857, 35, 857, NULL, NULL, NULL, NULL, NULL, NULL, NULL, NULL, 0),
(858, 35, 858, NULL, NULL, NULL, NULL, NULL, NULL, NULL, NULL, 0),
(859, 35, 859, NULL, NULL, NULL, NULL, NULL, NULL, NULL, NULL, 0),
(860, 35, 860, NULL, NULL, NULL, NULL, NULL, NULL, NULL, NULL, 0),
(861, 35, 861, NULL, NULL, NULL, NULL, NULL, NULL, NULL, NULL, 0),
(862, 35, 862, NULL, NULL, NULL, NULL, NULL, NULL, NULL, NULL, 0),
(863, 35, 863, NULL, NULL, NULL, NULL, NULL, NULL, NULL, NULL, 0),
(864, 35, 864, NULL, NULL, NULL, NULL, NULL, NULL, NULL, NULL, 0),
(865, 35, 865, NULL, NULL, NULL, NULL, NULL, NULL, NULL, NULL, 0),
(866, 35, 866, NULL, NULL, NULL, NULL, NULL, NULL, NULL, NULL, 0),
(867, 35, 867, NULL, NULL, NULL, NULL, NULL, NULL, NULL, NULL, 0),
(868, 35, 868, NULL, NULL, NULL, NULL, NULL, NULL, NULL, NULL, 0),
(869, 35, 869, NULL, NULL, NULL, NULL, NULL, NULL, NULL, NULL, 0),
(870, 35, 870, NULL, NULL, NULL, NULL, NULL, NULL, NULL, NULL, 0),
(871, 35, 871, NULL, NULL, NULL, NULL, NULL, NULL, NULL, NULL, 0),
(872, 35, 872, NULL, NULL, NULL, NULL, NULL, NULL, NULL, NULL, 0),
(873, 35, 873, NULL, NULL, NULL, NULL, NULL, NULL, NULL, NULL, 0),
(874, 35, 874, NULL, NULL, NULL, NULL, NULL, NULL, NULL, NULL, 0),
(875, 35, 875, NULL, NULL, NULL, NULL, NULL, NULL, NULL, NULL, 0),
(876, 36, 876, NULL, NULL, NULL, NULL, NULL, NULL, NULL, NULL, 0),
(877, 36, 877, NULL, NULL, NULL, NULL, NULL, NULL, NULL, NULL, 0),
(878, 36, 878, NULL, NULL, NULL, NULL, NULL, NULL, NULL, NULL, 0),
(879, 36, 879, NULL, NULL, NULL, NULL, NULL, NULL, NULL, NULL, 0),
(880, 36, 880, NULL, NULL, NULL, NULL, NULL, NULL, NULL, NULL, 0),
(881, 36, 881, NULL, NULL, NULL, NULL, NULL, NULL, NULL, NULL, 0),
(882, 36, 882, NULL, NULL, NULL, NULL, NULL, NULL, NULL, NULL, 0),
(883, 36, 883, NULL, NULL, NULL, NULL, NULL, NULL, NULL, NULL, 0),
(884, 36, 884, NULL, NULL, NULL, NULL, NULL, NULL, NULL, NULL, 0),
(885, 36, 885, NULL, NULL, NULL, NULL, NULL, NULL, NULL, NULL, 0),
(886, 36, 886, NULL, NULL, NULL, NULL, NULL, NULL, NULL, NULL, 0),
(887, 36, 887, NULL, NULL, NULL, NULL, NULL, NULL, NULL, NULL, 0),
(888, 36, 888, NULL, NULL, NULL, NULL, NULL, NULL, NULL, NULL, 0),
(889, 36, 889, NULL, NULL, NULL, NULL, NULL, NULL, NULL, NULL, 0),
(890, 36, 890, NULL, NULL, NULL, NULL, NULL, NULL, NULL, NULL, 0),
(891, 36, 891, NULL, NULL, NULL, NULL, NULL, NULL, NULL, NULL, 0),
(892, 36, 892, NULL, NULL, NULL, NULL, NULL, NULL, NULL, NULL, 0),
(893, 36, 893, NULL, NULL, NULL, NULL, NULL, NULL, NULL, NULL, 0),
(894, 36, 894, NULL, NULL, NULL, NULL, NULL, NULL, NULL, NULL, 0),
(895, 36, 895, NULL, NULL, NULL, NULL, NULL, NULL, NULL, NULL, 0),
(896, 36, 896, NULL, NULL, NULL, NULL, NULL, NULL, NULL, NULL, 0),
(897, 36, 897, NULL, NULL, NULL, NULL, NULL, NULL, NULL, NULL, 0),
(898, 36, 898, NULL, NULL, NULL, NULL, NULL, NULL, NULL, NULL, 0),
(899, 36, 899, NULL, NULL, NULL, NULL, NULL, NULL, NULL, NULL, 0),
(900, 36, 900, NULL, NULL, NULL, NULL, NULL, NULL, NULL, NULL, 0),
(901, 36, 901, NULL, NULL, NULL, NULL, NULL, NULL, NULL, NULL, 0),
(902, 37, 902, NULL, NULL, NULL, NULL, NULL, NULL, NULL, NULL, 0),
(903, 37, 903, NULL, NULL, NULL, NULL, NULL, NULL, NULL, NULL, 0),
(904, 37, 904, NULL, NULL, NULL, NULL, NULL, NULL, NULL, NULL, 0),
(905, 37, 905, NULL, NULL, NULL, NULL, NULL, NULL, NULL, NULL, 0),
(906, 37, 906, NULL, NULL, NULL, NULL, NULL, NULL, NULL, NULL, 0),
(907, 37, 907, NULL, NULL, NULL, NULL, NULL, NULL, NULL, NULL, 0),
(908, 37, 908, NULL, NULL, NULL, NULL, NULL, NULL, NULL, NULL, 0),
(909, 37, 909, NULL, NULL, NULL, NULL, NULL, NULL, NULL, NULL, 0),
(910, 37, 910, NULL, NULL, NULL, NULL, NULL, NULL, NULL, NULL, 0),
(911, 37, 911, NULL, NULL, NULL, NULL, NULL, NULL, NULL, NULL, 0),
(912, 37, 912, NULL, NULL, NULL, NULL, NULL, NULL, NULL, NULL, 0),
(913, 37, 913, NULL, NULL, NULL, NULL, NULL, NULL, NULL, NULL, 0),
(914, 37, 914, NULL, NULL, NULL, NULL, NULL, NULL, NULL, NULL, 0),
(915, 37, 915, NULL, NULL, NULL, NULL, NULL, NULL, NULL, NULL, 0),
(916, 37, 916, NULL, NULL, NULL, NULL, NULL, NULL, NULL, NULL, 0),
(917, 37, 917, NULL, NULL, NULL, NULL, NULL, NULL, NULL, NULL, 0),
(918, 37, 918, NULL, NULL, NULL, NULL, NULL, NULL, NULL, NULL, 0),
(919, 37, 919, NULL, NULL, NULL, NULL, NULL, NULL, NULL, NULL, 0),
(920, 37, 920, NULL, NULL, NULL, NULL, NULL, NULL, NULL, NULL, 0),
(921, 37, 921, NULL, NULL, NULL, NULL, NULL, NULL, NULL, NULL, 0),
(922, 37, 922, NULL, NULL, NULL, NULL, NULL, NULL, NULL, NULL, 0),
(923, 37, 923, NULL, NULL, NULL, NULL, NULL, NULL, NULL, NULL, 0),
(924, 37, 924, NULL, NULL, NULL, NULL, NULL, NULL, NULL, NULL, 0),
(925, 37, 925, NULL, NULL, NULL, NULL, NULL, NULL, NULL, NULL, 0),
(926, 37, 926, NULL, NULL, NULL, NULL, NULL, NULL, NULL, NULL, 0),
(927, 37, 927, NULL, NULL, NULL, NULL, NULL, NULL, NULL, NULL, 0),
(928, 38, 928, NULL, NULL, NULL, NULL, NULL, NULL, NULL, NULL, 0),
(929, 38, 929, NULL, NULL, NULL, NULL, NULL, NULL, NULL, NULL, 0),
(930, 38, 930, NULL, NULL, NULL, NULL, NULL, NULL, NULL, NULL, 0),
(931, 38, 931, NULL, NULL, NULL, NULL, NULL, NULL, NULL, NULL, 0),
(932, 38, 932, NULL, NULL, NULL, NULL, NULL, NULL, NULL, NULL, 0),
(933, 38, 933, NULL, NULL, NULL, NULL, NULL, NULL, NULL, NULL, 0),
(934, 38, 934, NULL, NULL, NULL, NULL, NULL, NULL, NULL, NULL, 0),
(935, 38, 935, NULL, NULL, NULL, NULL, NULL, NULL, NULL, NULL, 0),
(936, 38, 936, NULL, NULL, NULL, NULL, NULL, NULL, NULL, NULL, 0),
(937, 38, 937, NULL, NULL, NULL, NULL, NULL, NULL, NULL, NULL, 0),
(938, 38, 938, NULL, NULL, NULL, NULL, NULL, NULL, NULL, NULL, 0),
(939, 38, 939, NULL, NULL, NULL, NULL, NULL, NULL, NULL, NULL, 0),
(940, 38, 940, NULL, NULL, NULL, NULL, NULL, NULL, NULL, NULL, 0),
(941, 38, 941, NULL, NULL, NULL, NULL, NULL, NULL, NULL, NULL, 0),
(942, 38, 942, NULL, NULL, NULL, NULL, NULL, NULL, NULL, NULL, 0),
(943, 38, 943, NULL, NULL, NULL, NULL, NULL, NULL, NULL, NULL, 0),
(944, 38, 944, NULL, NULL, NULL, NULL, NULL, NULL, NULL, NULL, 0),
(945, 38, 945, NULL, NULL, NULL, NULL, NULL, NULL, NULL, NULL, 0),
(946, 38, 946, NULL, NULL, NULL, NULL, NULL, NULL, NULL, NULL, 0),
(947, 38, 947, NULL, NULL, NULL, NULL, NULL, NULL, NULL, NULL, 0),
(948, 38, 948, NULL, NULL, NULL, NULL, NULL, NULL, NULL, NULL, 0),
(949, 38, 949, NULL, NULL, NULL, NULL, NULL, NULL, NULL, NULL, 0),
(950, 38, 950, NULL, NULL, NULL, NULL, NULL, NULL, NULL, NULL, 0),
(951, 38, 951, NULL, NULL, NULL, NULL, NULL, NULL, NULL, NULL, 0),
(952, 38, 952, NULL, NULL, NULL, NULL, NULL, NULL, NULL, NULL, 0),
(953, 38, 953, NULL, NULL, NULL, NULL, NULL, NULL, NULL, NULL, 0),
(954, 39, 954, NULL, NULL, NULL, NULL, NULL, NULL, NULL, NULL, 0),
(955, 39, 955, NULL, NULL, NULL, NULL, NULL, NULL, NULL, NULL, 0),
(956, 39, 956, NULL, NULL, NULL, NULL, NULL, NULL, NULL, NULL, 0),
(957, 39, 957, NULL, NULL, NULL, NULL, NULL, NULL, NULL, NULL, 0),
(958, 39, 958, NULL, NULL, NULL, NULL, NULL, NULL, NULL, NULL, 0),
(959, 39, 959, NULL, NULL, NULL, NULL, NULL, NULL, NULL, NULL, 0),
(960, 39, 960, NULL, NULL, NULL, NULL, NULL, NULL, NULL, NULL, 0),
(961, 39, 961, NULL, NULL, NULL, NULL, NULL, NULL, NULL, NULL, 0),
(962, 39, 962, NULL, NULL, NULL, NULL, NULL, NULL, NULL, NULL, 0),
(963, 39, 963, NULL, NULL, NULL, NULL, NULL, NULL, NULL, NULL, 0),
(964, 39, 964, NULL, NULL, NULL, NULL, NULL, NULL, NULL, NULL, 0),
(965, 39, 965, NULL, NULL, NULL, NULL, NULL, NULL, NULL, NULL, 0),
(966, 39, 966, NULL, NULL, NULL, NULL, NULL, NULL, NULL, NULL, 0),
(967, 39, 967, NULL, NULL, NULL, NULL, NULL, NULL, NULL, NULL, 0),
(968, 39, 968, NULL, NULL, NULL, NULL, NULL, NULL, NULL, NULL, 0),
(969, 39, 969, NULL, NULL, NULL, NULL, NULL, NULL, NULL, NULL, 0),
(970, 39, 970, NULL, NULL, NULL, NULL, NULL, NULL, NULL, NULL, 0),
(971, 39, 971, NULL, NULL, NULL, NULL, NULL, NULL, NULL, NULL, 0),
(972, 39, 972, NULL, NULL, NULL, NULL, NULL, NULL, NULL, NULL, 0),
(973, 39, 973, NULL, NULL, NULL, NULL, NULL, NULL, NULL, NULL, 0),
(974, 39, 974, NULL, NULL, NULL, NULL, NULL, NULL, NULL, NULL, 0),
(975, 39, 975, NULL, NULL, NULL, NULL, NULL, NULL, NULL, NULL, 0),
(976, 39, 976, NULL, NULL, NULL, NULL, NULL, NULL, NULL, NULL, 0),
(977, 39, 977, NULL, NULL, NULL, NULL, NULL, NULL, NULL, NULL, 0),
(978, 39, 978, NULL, NULL, NULL, NULL, NULL, NULL, NULL, NULL, 0),
(979, 39, 979, NULL, NULL, NULL, NULL, NULL, NULL, NULL, NULL, 0),
(980, 40, 980, NULL, NULL, NULL, NULL, NULL, NULL, NULL, NULL, 0),
(981, 40, 981, NULL, NULL, NULL, NULL, NULL, NULL, NULL, NULL, 0),
(982, 40, 982, NULL, NULL, NULL, NULL, NULL, NULL, NULL, NULL, 0),
(983, 40, 983, NULL, NULL, NULL, NULL, NULL, NULL, NULL, NULL, 0),
(984, 40, 984, NULL, NULL, NULL, NULL, NULL, NULL, NULL, NULL, 0),
(985, 40, 985, NULL, NULL, NULL, NULL, NULL, NULL, NULL, NULL, 0),
(986, 40, 986, NULL, NULL, NULL, NULL, NULL, NULL, NULL, NULL, 0),
(987, 40, 987, NULL, NULL, NULL, NULL, NULL, NULL, NULL, NULL, 0),
(988, 40, 988, NULL, NULL, NULL, NULL, NULL, NULL, NULL, NULL, 0),
(989, 40, 989, NULL, NULL, NULL, NULL, NULL, NULL, NULL, NULL, 0),
(990, 40, 990, NULL, NULL, NULL, NULL, NULL, NULL, NULL, NULL, 0),
(991, 40, 991, NULL, NULL, NULL, NULL, NULL, NULL, NULL, NULL, 0),
(992, 40, 992, NULL, NULL, NULL, NULL, NULL, NULL, NULL, NULL, 0),
(993, 40, 993, NULL, NULL, NULL, NULL, NULL, NULL, NULL, NULL, 0),
(994, 40, 994, NULL, NULL, NULL, NULL, NULL, NULL, NULL, NULL, 0),
(995, 40, 995, NULL, NULL, NULL, NULL, NULL, NULL, NULL, NULL, 0),
(996, 40, 996, NULL, NULL, NULL, NULL, NULL, NULL, NULL, NULL, 0),
(997, 40, 997, NULL, NULL, NULL, NULL, NULL, NULL, NULL, NULL, 0),
(998, 40, 998, NULL, NULL, NULL, NULL, NULL, NULL, NULL, NULL, 0),
(999, 40, 999, NULL, NULL, NULL, NULL, NULL, NULL, NULL, NULL, 0),
(1000, 40, 1000, NULL, NULL, NULL, NULL, NULL, NULL, NULL, NULL, 0),
(1001, 40, 1001, NULL, NULL, NULL, NULL, NULL, NULL, NULL, NULL, 0),
(1002, 40, 1002, NULL, NULL, NULL, NULL, NULL, NULL, NULL, NULL, 0),
(1003, 40, 1003, NULL, NULL, NULL, NULL, NULL, NULL, NULL, NULL, 0),
(1004, 40, 1004, NULL, NULL, NULL, NULL, NULL, NULL, NULL, NULL, 0),
(1005, 40, 1005, NULL, NULL, NULL, NULL, NULL, NULL, NULL, NULL, 0),
(1006, 41, 1006, NULL, NULL, NULL, NULL, NULL, NULL, NULL, NULL, 0),
(1007, 41, 1007, NULL, NULL, NULL, NULL, NULL, NULL, NULL, NULL, 0),
(1008, 41, 1008, NULL, NULL, NULL, NULL, NULL, NULL, NULL, NULL, 0),
(1009, 41, 1009, NULL, NULL, NULL, NULL, NULL, NULL, NULL, NULL, 0),
(1010, 41, 1010, NULL, NULL, NULL, NULL, NULL, NULL, NULL, NULL, 0),
(1011, 41, 1011, NULL, NULL, NULL, NULL, NULL, NULL, NULL, NULL, 0),
(1012, 41, 1012, NULL, NULL, NULL, NULL, NULL, NULL, NULL, NULL, 0),
(1013, 41, 1013, NULL, NULL, NULL, NULL, NULL, NULL, NULL, NULL, 0),
(1014, 41, 1014, NULL, NULL, NULL, NULL, NULL, NULL, NULL, NULL, 0),
(1015, 41, 1015, NULL, NULL, NULL, NULL, NULL, NULL, NULL, NULL, 0),
(1016, 41, 1016, NULL, NULL, NULL, NULL, NULL, NULL, NULL, NULL, 0),
(1017, 41, 1017, NULL, NULL, NULL, NULL, NULL, NULL, NULL, NULL, 0),
(1018, 41, 1018, NULL, NULL, NULL, NULL, NULL, NULL, NULL, NULL, 0),
(1019, 41, 1019, NULL, NULL, NULL, NULL, NULL, NULL, NULL, NULL, 0),
(1020, 41, 1020, NULL, NULL, NULL, NULL, NULL, NULL, NULL, NULL, 0),
(1021, 41, 1021, NULL, NULL, NULL, NULL, NULL, NULL, NULL, NULL, 0),
(1022, 41, 1022, NULL, NULL, NULL, NULL, NULL, NULL, NULL, NULL, 0),
(1023, 41, 1023, NULL, NULL, NULL, NULL, NULL, NULL, NULL, NULL, 0),
(1024, 41, 1024, NULL, NULL, NULL, NULL, NULL, NULL, NULL, NULL, 0),
(1025, 41, 1025, NULL, NULL, NULL, NULL, NULL, NULL, NULL, NULL, 0),
(1026, 41, 1026, NULL, NULL, NULL, NULL, NULL, NULL, NULL, NULL, 0),
(1027, 41, 1027, NULL, NULL, NULL, NULL, NULL, NULL, NULL, NULL, 0),
(1028, 41, 1028, NULL, NULL, NULL, NULL, NULL, NULL, NULL, NULL, 0),
(1029, 41, 1029, NULL, NULL, NULL, NULL, NULL, NULL, NULL, NULL, 0),
(1030, 41, 1030, NULL, NULL, NULL, NULL, NULL, NULL, NULL, NULL, 0),
(1031, 41, 1031, NULL, NULL, NULL, NULL, NULL, NULL, NULL, NULL, 0),
(1032, 42, 1032, NULL, NULL, NULL, NULL, NULL, NULL, NULL, NULL, 0),
(1033, 42, 1033, NULL, NULL, NULL, NULL, NULL, NULL, NULL, NULL, 0),
(1034, 42, 1034, NULL, NULL, NULL, NULL, NULL, NULL, NULL, NULL, 0),
(1035, 42, 1035, NULL, NULL, NULL, NULL, NULL, NULL, NULL, NULL, 0),
(1036, 42, 1036, NULL, NULL, NULL, NULL, NULL, NULL, NULL, NULL, 0),
(1037, 42, 1037, NULL, NULL, NULL, NULL, NULL, NULL, NULL, NULL, 0),
(1038, 42, 1038, NULL, NULL, NULL, NULL, NULL, NULL, NULL, NULL, 0),
(1039, 42, 1039, NULL, NULL, NULL, NULL, NULL, NULL, NULL, NULL, 0),
(1040, 42, 1040, NULL, NULL, NULL, NULL, NULL, NULL, NULL, NULL, 0),
(1041, 42, 1041, NULL, NULL, NULL, NULL, NULL, NULL, NULL, NULL, 0),
(1042, 42, 1042, NULL, NULL, NULL, NULL, NULL, NULL, NULL, NULL, 0),
(1043, 42, 1043, NULL, NULL, NULL, NULL, NULL, NULL, NULL, NULL, 0),
(1044, 42, 1044, NULL, NULL, NULL, NULL, NULL, NULL, NULL, NULL, 0),
(1045, 42, 1045, NULL, NULL, NULL, NULL, NULL, NULL, NULL, NULL, 0),
(1046, 42, 1046, NULL, NULL, NULL, NULL, NULL, NULL, NULL, NULL, 0),
(1047, 42, 1047, NULL, NULL, NULL, NULL, NULL, NULL, NULL, NULL, 0),
(1048, 42, 1048, NULL, NULL, NULL, NULL, NULL, NULL, NULL, NULL, 0),
(1049, 42, 1049, NULL, NULL, NULL, NULL, NULL, NULL, NULL, NULL, 0),
(1050, 42, 1050, NULL, NULL, NULL, NULL, NULL, NULL, NULL, NULL, 0),
(1051, 42, 1051, NULL, NULL, NULL, NULL, NULL, NULL, NULL, NULL, 0),
(1052, 42, 1052, NULL, NULL, NULL, NULL, NULL, NULL, NULL, NULL, 0),
(1053, 42, 1053, NULL, NULL, NULL, NULL, NULL, NULL, NULL, NULL, 0),
(1054, 42, 1054, NULL, NULL, NULL, NULL, NULL, NULL, NULL, NULL, 0),
(1055, 42, 1055, NULL, NULL, NULL, NULL, NULL, NULL, NULL, NULL, 0),
(1056, 42, 1056, NULL, NULL, NULL, NULL, NULL, NULL, NULL, NULL, 0),
(1057, 42, 1057, NULL, NULL, NULL, NULL, NULL, NULL, NULL, NULL, 0),
(1058, 43, 1058, NULL, NULL, NULL, NULL, NULL, NULL, NULL, NULL, 0),
(1059, 43, 1059, NULL, NULL, NULL, NULL, NULL, NULL, NULL, NULL, 0),
(1060, 43, 1060, NULL, NULL, NULL, NULL, NULL, NULL, NULL, NULL, 0),
(1061, 43, 1061, NULL, NULL, NULL, NULL, NULL, NULL, NULL, NULL, 0),
(1062, 43, 1062, NULL, NULL, NULL, NULL, NULL, NULL, NULL, NULL, 0),
(1063, 43, 1063, NULL, NULL, NULL, NULL, NULL, NULL, NULL, NULL, 0),
(1064, 43, 1064, NULL, NULL, NULL, NULL, NULL, NULL, NULL, NULL, 0),
(1065, 43, 1065, NULL, NULL, NULL, NULL, NULL, NULL, NULL, NULL, 0),
(1066, 43, 1066, NULL, NULL, NULL, NULL, NULL, NULL, NULL, NULL, 0),
(1067, 43, 1067, NULL, NULL, NULL, NULL, NULL, NULL, NULL, NULL, 0),
(1068, 43, 1068, NULL, NULL, NULL, NULL, NULL, NULL, NULL, NULL, 0),
(1069, 43, 1069, NULL, NULL, NULL, NULL, NULL, NULL, NULL, NULL, 0),
(1070, 43, 1070, NULL, NULL, NULL, NULL, NULL, NULL, NULL, NULL, 0),
(1071, 43, 1071, NULL, NULL, NULL, NULL, NULL, NULL, NULL, NULL, 0),
(1072, 43, 1072, NULL, NULL, NULL, NULL, NULL, NULL, NULL, NULL, 0),
(1073, 43, 1073, NULL, NULL, NULL, NULL, NULL, NULL, NULL, NULL, 0),
(1074, 43, 1074, NULL, NULL, NULL, NULL, NULL, NULL, NULL, NULL, 0),
(1075, 43, 1075, NULL, NULL, NULL, NULL, NULL, NULL, NULL, NULL, 0),
(1076, 43, 1076, NULL, NULL, NULL, NULL, NULL, NULL, NULL, NULL, 0),
(1077, 43, 1077, NULL, NULL, NULL, NULL, NULL, NULL, NULL, NULL, 0),
(1078, 43, 1078, NULL, NULL, NULL, NULL, NULL, NULL, NULL, NULL, 0),
(1079, 43, 1079, NULL, NULL, NULL, NULL, NULL, NULL, NULL, NULL, 0),
(1080, 43, 1080, NULL, NULL, NULL, NULL, NULL, NULL, NULL, NULL, 0),
(1081, 43, 1081, NULL, NULL, NULL, NULL, NULL, NULL, NULL, NULL, 0),
(1082, 43, 1082, NULL, NULL, NULL, NULL, NULL, NULL, NULL, NULL, 0),
(1083, 43, 1083, NULL, NULL, NULL, NULL, NULL, NULL, NULL, NULL, 0),
(1084, 44, 1084, NULL, NULL, NULL, NULL, NULL, NULL, NULL, NULL, 0),
(1085, 44, 1085, NULL, NULL, NULL, NULL, NULL, NULL, NULL, NULL, 0),
(1086, 44, 1086, NULL, NULL, NULL, NULL, NULL, NULL, NULL, NULL, 0),
(1087, 44, 1087, NULL, NULL, NULL, NULL, NULL, NULL, NULL, NULL, 0),
(1088, 44, 1088, NULL, NULL, NULL, NULL, NULL, NULL, NULL, NULL, 0),
(1089, 44, 1089, NULL, NULL, NULL, NULL, NULL, NULL, NULL, NULL, 0),
(1090, 44, 1090, NULL, NULL, NULL, NULL, NULL, NULL, NULL, NULL, 0),
(1091, 44, 1091, NULL, NULL, NULL, NULL, NULL, NULL, NULL, NULL, 0),
(1092, 44, 1092, NULL, NULL, NULL, NULL, NULL, NULL, NULL, NULL, 0),
(1093, 44, 1093, NULL, NULL, NULL, NULL, NULL, NULL, NULL, NULL, 0),
(1094, 44, 1094, NULL, NULL, NULL, NULL, NULL, NULL, NULL, NULL, 0),
(1095, 44, 1095, NULL, NULL, NULL, NULL, NULL, NULL, NULL, NULL, 0),
(1096, 44, 1096, NULL, NULL, NULL, NULL, NULL, NULL, NULL, NULL, 0),
(1097, 44, 1097, NULL, NULL, NULL, NULL, NULL, NULL, NULL, NULL, 0),
(1098, 44, 1098, NULL, NULL, NULL, NULL, NULL, NULL, NULL, NULL, 0),
(1099, 44, 1099, NULL, NULL, NULL, NULL, NULL, NULL, NULL, NULL, 0),
(1100, 44, 1100, NULL, NULL, NULL, NULL, NULL, NULL, NULL, NULL, 0),
(1101, 44, 1101, NULL, NULL, NULL, NULL, NULL, NULL, NULL, NULL, 0);

-- --------------------------------------------------------

--
-- Структура таблицы `cali_apartments_c`
--

CREATE TABLE `cali_apartments_c` (
  `id` int(11) NOT NULL,
  `floor_num` tinyint(3) NOT NULL,
  `num` smallint(6) NOT NULL,
  `money` decimal(19,4) DEFAULT NULL,
  `total_area` float DEFAULT NULL,
  `living_space` float DEFAULT NULL,
  `balcony_area` float DEFAULT NULL,
  `ru` text COLLATE utf8mb4_unicode_ci DEFAULT NULL,
  `en` text COLLATE utf8mb4_unicode_ci DEFAULT NULL,
  `ge` text COLLATE utf8mb4_unicode_ci DEFAULT NULL,
  `he` text COLLATE utf8mb4_unicode_ci DEFAULT NULL,
  `status` tinyint(3) NOT NULL DEFAULT 0
) ENGINE=InnoDB DEFAULT CHARSET=utf8mb4 COLLATE=utf8mb4_unicode_ci;

-- --------------------------------------------------------

--
-- Структура таблицы `cali_apartment_gallery`
--

CREATE TABLE `cali_apartment_gallery` (
  `id` int(11) NOT NULL,
  `gallery_id` int(11) NOT NULL,
  `gallery` varchar(255) COLLATE utf8mb4_unicode_ci DEFAULT NULL
) ENGINE=InnoDB DEFAULT CHARSET=utf8mb4 COLLATE=utf8mb4_unicode_ci;

-- --------------------------------------------------------

--
-- Структура таблицы `cali_apartment_info`
--

CREATE TABLE `cali_apartment_info` (
  `id` int(11) NOT NULL,
  `apartment_id` int(11) NOT NULL,
  `area` float DEFAULT NULL,
  `price` decimal(19,4) DEFAULT NULL,
  `img` varchar(255) COLLATE utf8mb4_unicode_ci DEFAULT NULL
) ENGINE=InnoDB DEFAULT CHARSET=utf8mb4 COLLATE=utf8mb4_unicode_ci;

-- --------------------------------------------------------

--
-- Структура таблицы `cali_apartment_translation`
--

CREATE TABLE `cali_apartment_translation` (
  `id` int(11) NOT NULL,
  `translation_id` int(11) NOT NULL,
  `name` varchar(255) COLLATE utf8mb4_unicode_ci DEFAULT NULL,
  `description` text COLLATE utf8mb4_unicode_ci DEFAULT NULL
) ENGINE=InnoDB DEFAULT CHARSET=utf8mb4 COLLATE=utf8mb4_unicode_ci;

-- --------------------------------------------------------

--
-- Структура таблицы `cali_feedback`
--

CREATE TABLE `cali_feedback` (
  `id` int(11) NOT NULL,
  `name` varchar(255) COLLATE utf8mb4_unicode_ci DEFAULT NULL,
  `email` varchar(32) COLLATE utf8mb4_unicode_ci DEFAULT NULL,
  `phone` varchar(32) COLLATE utf8mb4_unicode_ci DEFAULT NULL,
  `subject` varchar(255) COLLATE utf8mb4_unicode_ci DEFAULT NULL,
  `lang` varchar(32) COLLATE utf8mb4_unicode_ci DEFAULT NULL,
  `body` text COLLATE utf8mb4_unicode_ci DEFAULT NULL,
  `viewed` tinyint(1) DEFAULT 0,
  `created_at` timestamp NOT NULL DEFAULT current_timestamp() ON UPDATE current_timestamp()
) ENGINE=InnoDB DEFAULT CHARSET=utf8mb4 COLLATE=utf8mb4_unicode_ci;

-- --------------------------------------------------------

--
-- Структура таблицы `cali_floor`
--

CREATE TABLE `cali_floor` (
  `id` int(11) NOT NULL,
  `floor` varchar(24) COLLATE utf8mb4_unicode_ci NOT NULL
) ENGINE=InnoDB DEFAULT CHARSET=utf8mb4 COLLATE=utf8mb4_unicode_ci;

-- --------------------------------------------------------

--
-- Структура таблицы `cali_floor_a`
--

CREATE TABLE `cali_floor_a` (
  `id` int(11) NOT NULL,
  `floor` tinyint(3) NOT NULL,
  `ru` text COLLATE utf8mb4_unicode_ci DEFAULT NULL,
  `en` text COLLATE utf8mb4_unicode_ci DEFAULT NULL,
  `ge` text COLLATE utf8mb4_unicode_ci DEFAULT NULL,
  `he` text COLLATE utf8mb4_unicode_ci DEFAULT NULL,
  `price` smallint(6) DEFAULT NULL
) ENGINE=InnoDB DEFAULT CHARSET=utf8mb4 COLLATE=utf8mb4_unicode_ci;

--
-- Дамп данных таблицы `cali_floor_a`
--

INSERT INTO `cali_floor_a` (`id`, `floor`, `ru`, `en`, `ge`, `he`, `price`) VALUES
(1, 11, NULL, NULL, NULL, NULL, NULL),
(2, 12, NULL, NULL, NULL, NULL, NULL),
(3, 13, NULL, NULL, NULL, NULL, NULL),
(4, 14, NULL, NULL, NULL, NULL, NULL),
(5, 15, NULL, NULL, NULL, NULL, NULL),
(6, 16, NULL, NULL, NULL, NULL, NULL),
(7, 17, NULL, NULL, NULL, NULL, NULL),
(8, 18, NULL, NULL, NULL, NULL, NULL),
(9, 19, NULL, NULL, NULL, NULL, NULL),
(10, 20, NULL, NULL, NULL, NULL, NULL),
(11, 21, NULL, NULL, NULL, NULL, NULL),
(12, 22, NULL, NULL, NULL, NULL, NULL),
(13, 23, NULL, NULL, NULL, NULL, NULL),
(14, 24, NULL, NULL, NULL, NULL, NULL),
(15, 25, NULL, NULL, NULL, NULL, NULL),
(16, 26, NULL, NULL, NULL, NULL, NULL),
(17, 27, NULL, NULL, NULL, NULL, NULL),
(18, 28, NULL, NULL, NULL, NULL, NULL),
(19, 29, NULL, NULL, NULL, NULL, NULL),
(20, 30, NULL, NULL, NULL, NULL, NULL),
(21, 31, NULL, NULL, NULL, NULL, NULL),
(22, 32, NULL, NULL, NULL, NULL, NULL),
(23, 33, NULL, NULL, NULL, NULL, NULL),
(24, 34, NULL, NULL, NULL, NULL, NULL),
(25, 35, NULL, NULL, NULL, NULL, NULL);

-- --------------------------------------------------------

--
-- Структура таблицы `cali_floor_b`
--

CREATE TABLE `cali_floor_b` (
  `id` int(11) NOT NULL,
  `floor` tinyint(3) NOT NULL,
  `ru` text COLLATE utf8mb4_unicode_ci DEFAULT NULL,
  `en` text COLLATE utf8mb4_unicode_ci DEFAULT NULL,
  `ge` text COLLATE utf8mb4_unicode_ci DEFAULT NULL,
  `he` text COLLATE utf8mb4_unicode_ci DEFAULT NULL,
  `price` smallint(6) DEFAULT NULL
) ENGINE=InnoDB DEFAULT CHARSET=utf8mb4 COLLATE=utf8mb4_unicode_ci;

--
-- Дамп данных таблицы `cali_floor_b`
--

INSERT INTO `cali_floor_b` (`id`, `floor`, `ru`, `en`, `ge`, `he`, `price`) VALUES
(1, 2, NULL, NULL, NULL, NULL, NULL),
(2, 3, NULL, NULL, NULL, NULL, NULL),
(3, 4, NULL, NULL, NULL, NULL, NULL),
(4, 5, NULL, NULL, NULL, NULL, NULL),
(5, 6, NULL, NULL, NULL, NULL, NULL),
(6, 7, NULL, NULL, NULL, NULL, NULL),
(7, 8, NULL, NULL, NULL, NULL, NULL),
(8, 9, NULL, NULL, NULL, NULL, NULL),
(9, 10, NULL, NULL, NULL, NULL, NULL),
(10, 11, NULL, NULL, NULL, NULL, NULL),
(11, 12, NULL, NULL, NULL, NULL, NULL),
(12, 13, NULL, NULL, NULL, NULL, NULL),
(13, 14, NULL, NULL, NULL, NULL, NULL),
(14, 15, NULL, NULL, NULL, NULL, NULL),
(15, 16, NULL, NULL, NULL, NULL, NULL),
(16, 17, NULL, NULL, NULL, NULL, NULL),
(17, 18, NULL, NULL, NULL, NULL, NULL),
(18, 19, NULL, NULL, NULL, NULL, NULL),
(19, 20, NULL, NULL, NULL, NULL, NULL),
(20, 21, NULL, NULL, NULL, NULL, NULL),
(21, 22, NULL, NULL, NULL, NULL, NULL),
(22, 23, NULL, NULL, NULL, NULL, NULL),
(23, 24, NULL, NULL, NULL, NULL, NULL),
(24, 25, NULL, NULL, NULL, NULL, NULL),
(25, 26, NULL, NULL, NULL, NULL, NULL),
(26, 27, NULL, NULL, NULL, NULL, NULL),
(27, 28, NULL, NULL, NULL, NULL, NULL),
(28, 29, NULL, NULL, NULL, NULL, NULL),
(29, 30, NULL, NULL, NULL, NULL, NULL),
(30, 31, NULL, NULL, NULL, NULL, NULL),
(31, 32, NULL, NULL, NULL, NULL, NULL),
(32, 33, NULL, NULL, NULL, NULL, NULL),
(33, 34, NULL, NULL, NULL, NULL, NULL),
(34, 35, NULL, NULL, NULL, NULL, NULL),
(35, 36, NULL, NULL, NULL, NULL, NULL),
(36, 37, NULL, NULL, NULL, NULL, NULL),
(37, 38, NULL, NULL, NULL, NULL, NULL),
(38, 39, NULL, NULL, NULL, NULL, NULL),
(39, 40, NULL, NULL, NULL, NULL, NULL),
(40, 41, NULL, NULL, NULL, NULL, NULL),
(41, 42, NULL, NULL, NULL, NULL, NULL),
(42, 43, NULL, NULL, NULL, NULL, NULL),
(43, 44, NULL, NULL, NULL, NULL, NULL);

-- --------------------------------------------------------

--
-- Структура таблицы `cali_floor_c`
--

CREATE TABLE `cali_floor_c` (
  `id` int(11) NOT NULL,
  `floor` tinyint(3) NOT NULL,
  `ru` text COLLATE utf8mb4_unicode_ci DEFAULT NULL,
  `en` text COLLATE utf8mb4_unicode_ci DEFAULT NULL,
  `ge` text COLLATE utf8mb4_unicode_ci DEFAULT NULL,
  `he` text COLLATE utf8mb4_unicode_ci DEFAULT NULL,
  `price` smallint(6) DEFAULT NULL
) ENGINE=InnoDB DEFAULT CHARSET=utf8mb4 COLLATE=utf8mb4_unicode_ci;

-- --------------------------------------------------------

--
-- Структура таблицы `cali_language`
--

CREATE TABLE `cali_language` (
  `id` int(11) NOT NULL,
  `name` varchar(24) COLLATE utf8mb4_unicode_ci NOT NULL,
  `key` varchar(16) COLLATE utf8mb4_unicode_ci NOT NULL,
  `code` varchar(10) COLLATE utf8mb4_unicode_ci NOT NULL,
  `default` smallint(6) NOT NULL DEFAULT 0,
  `created_at` int(11) NOT NULL,
  `updated_at` int(11) NOT NULL,
  `deleted_at` int(11) DEFAULT NULL
) ENGINE=InnoDB DEFAULT CHARSET=utf8mb4 COLLATE=utf8mb4_unicode_ci;

--
-- Дамп данных таблицы `cali_language`
--

INSERT INTO `cali_language` (`id`, `name`, `key`, `code`, `default`, `created_at`, `updated_at`, `deleted_at`) VALUES
(1, 'English', 'en-US', 'en', 0, 1568637622, 1568271399, NULL),
(2, 'ქართველი', 'ka-GE', 'ge', 0, 1636309632, 1636309632, NULL),
(3, 'Русский', 'ru-RU', 'ru', 1, 1636309658, 1636309658, NULL);

-- --------------------------------------------------------

--
-- Структура таблицы `cali_lg_message`
--

CREATE TABLE `cali_lg_message` (
  `id` int(11) NOT NULL,
  `language` varchar(16) COLLATE utf8mb4_unicode_ci NOT NULL,
  `translation` text COLLATE utf8mb4_unicode_ci DEFAULT NULL
) ENGINE=InnoDB DEFAULT CHARSET=utf8mb4 COLLATE=utf8mb4_unicode_ci;

--
-- Дамп данных таблицы `cali_lg_message`
--

INSERT INTO `cali_lg_message` (`id`, `language`, `translation`) VALUES
(1, 'en-US', 'Infrastructure'),
(1, 'ka-GE', 'ინფრასტრუქტურა'),
(2, 'en-US', 'Gallery'),
(2, 'ka-GE', 'გალერეა'),
(3, 'en-US', 'Layouts'),
(3, 'ka-GE', 'განლაგება'),
(4, 'en-US', 'News'),
(4, 'ka-GE', 'ახალი ამბები'),
(5, 'en-US', 'About company'),
(5, 'ka-GE', 'კომპანიის შესახებ'),
(6, 'en-US', 'Contacts'),
(6, 'ka-GE', 'კონტაქტები'),
(8, 'en-US', 'Residential complex'),
(8, 'ka-GE', 'საცხოვრებელი კომპლექსი'),
(9, 'en-US', 'Video about the residential complex'),
(9, 'ka-GE', 'ვიდეო საცხოვრებელ კომპლექსზე'),
(10, 'en-US', 'Privacy policy'),
(10, 'ka-GE', 'კონფიდენციალურობის პოლიტიკა'),
(11, 'ka-GE', 'სასტუმრო ჰილტონი'),
(12, 'ka-GE', 'SPA- ცენტრს'),
(13, 'ka-GE', 'კინთეატრი'),
(14, 'ka-GE', 'კაზინო'),
(15, 'ka-GE', 'ფიტნესი'),
(16, 'ka-GE', 'ბიზნეს ცენტრი'),
(17, 'ka-GE', 'რესტორნებში'),
(18, 'ka-GE', 'ბავშვთა ოთახი'),
(19, 'ka-GE', 'საკუთარი სანაპირო'),
(20, 'ka-GE', 'გამწვანებული საერთო მოხმარების ტერასები'),
(20, 'ru-RU', 'Озелененные террасы общего пользования'),
(21, 'ka-GE', 'საცურაო აუზი'),
(22, 'ka-GE', 'პარკინგი'),
(23, 'ka-GE', 'ინფრასტრუქტურა'),
(24, 'ka-GE', 'სოციალური ქსელი'),
(25, 'ka-GE', 'ნავიგაცია'),
(26, 'ka-GE', 'სახლში'),
(27, 'ka-GE', 'პროექტის შესახებ'),
(28, 'ka-GE', 'პოზიციის ფორმირებაზე ყოველდღიური მუშაობის დაწყების მრავალფეროვანი და მდიდარი გამოცდილება საშუალებას გაძლევთ განახორციელოთ მნიშვნელოვანი ამოცანები პროგრესული განვითარების მიმართულებების შემუშავებისთვის.'),
(29, 'ka-GE', 'აირჩიეთ ბლოკი'),
(30, 'ka-GE', 'ბლოკი'),
(31, 'ka-GE', 'ჩვენ დაგეხმარებით არჩევანის გაკეთებაში!'),
(32, 'ka-GE', 'ვეთანხმები პერსონალური მონაცემების დამუშავების პირობებს'),
(33, 'ka-GE', 'გაგზავნა'),
(35, 'ka-GE', 'შეხედე'),
(36, 'ka-GE', 'ვიდეო'),
(37, 'ka-GE', 'არის სასტუმროების საერთაშორისო ქსელი Hampton by Hilton! Hampton by Hilton არის ცნობილი სასტუმროების ქსელი, რომელსაც აქვს სასტუმროები ბევრ ქვეყანაში. Hampton Hotels მოიცავს 1,762 სასტუმროს. ერთიანი მომხმარებლების ბაზა საშუალებას იძლევა ყოველწლიურად სტუმრების განთავსებას    . მომსახურების მაღალი დონე და უკონკურენტობა ბათუმში არის პროექტის დიდი უპირატესობა.'),
(38, 'ka-GE', 'ექნება მდიდრული ნათელი სივრცე, განცალკევებული მასაჟისა და გამაჯანსაღებელი ზონები. სპა-ს უმეტესობისგან განსხვავებით, რომლებიც განკუთვნილია ტურისტებისთვის, ჩვენი სპა ცენტრი ორიენტირებული იქნება სასტუმროს კლიენტებზე და ბინის მფლობელებზე, ჩვენ ყურადღება გავამახვილეთ მდიდრულ დეკორაციულ მასალებზე, ლაკონურ დიზაინზე და უსასრულო ელეგანტურობაზე.'),
(39, 'ka-GE', 'კალიგრაფ თაურის კონცეფცია, რომელიც ასევე მიზნად ისახავს ოჯახთან ერთად დასვენებას. თქვენ შეგიძლიათ ისიამოვნოთ თანამედროვე კინოთეატრით თანამედროვე აკუსტიკით და 3D გრაფიკით.'),
(40, 'ka-GE', 'კომპლექსი მოიცავს გასართობ ფორმატს 21 წელზე უფროსი ასაკის ადამიანებისთვის, კაზინო და სხვადასხვა თამაშები გელოდებათ 24 საათის განმავლობაში'),
(41, 'ka-GE', 'ჩვენი ამოცანაა შევქმნათ ყველა პირობა ისე, რომ სპორტმა მოიტანოს არა მხოლოდ სარგებელი, არამედ სიამოვნებაც. აღჭურვილია უახლესი სპორტული ინვენტარით და ყველა საჭირო სასწავლო აღჭურვილობით პროფესიული სპორტისა და სამოყვარულო საქმიანობისათვის'),
(42, 'ka-GE', 'შესანიშნავი ადგილია სამუშაოსთვის და დასვენებისთვის, ჩვენ უზრულვენყავით მოლაპარაკებებისა და ღონისძიებებისთვის coworking ზონების ფორმატში მუშაობის საშუალება.'),
(43, 'ka-GE', 'იქნება 3 -ზე მეტი სახეობის სამზარეულო, სასიამოვნო მუსიკა, ზღვის ჰაერი. მაღალი და ტრადიციული ქართული, ევროპული, აზიური და კოშერული სამზარეულო'),
(44, 'ka-GE', 'სასტუმროს კონცეფციაში არის საბავშვო კლუბი და ანიმაცია 2 -დან 10 წლამდე ბავშვებისთვის, ჩვენ ვაფასებთ თქვენს დასვენებას და ვზრუნავთ თქვენს შვილებზე.'),
(45, 'ka-GE', 'თქვენს შვებულებას ექნება პერსონალური ტერიტორია ზღვაზე, ცალკე პლაჟი და მზიანი სალონები.'),
(46, 'ka-GE', 'შეგიძლიათ დატკბეთ საღამოს ბათუმის ხედებით, ფეხბურთის მატჩით ან მსოფლიო დონის კონცერტით კომპლექსის დატოვების გარეშე'),
(48, 'ka-GE', 'შედის კონცეფციაში -  აუზი ცხელდება.'),
(49, 'ka-GE', 'პარკინგი 300 ავტოსადგომზე'),
(50, 'ka-GE', 'საწყისი სართული'),
(51, 'ka-GE', 'სართულები'),
(52, 'ka-GE', 'სახელი'),
(53, 'ka-GE', 'ბინის სახელი'),
(54, 'ka-GE', 'ღირებულება საწყისი'),
(55, 'ka-GE', 'ახსნა'),
(56, 'ka-GE', 'სამზარეულო'),
(57, 'ka-GE', 'Спальня'),
(58, 'ka-GE', 'Მისაღები ოთახი'),
(59, 'ka-GE', 'აბაზანა'),
(60, 'ka-GE', 'ტერასა'),
(61, 'ka-GE', 'აბაზანა'),
(63, 'ka-GE', 'აირჩიეთ ბლოკი'),
(64, 'ka-GE', 'ჩამოტვირთეთ გეგმა ()'),
(65, 'ka-GE', 'სახლი'),
(66, 'ka-GE', 'მშენებლობის პროგრესი'),
(68, 'ka-GE', 'ბათუმი'),
(69, 'ka-GE', 'ბრძანება'),
(70, 'ka-GE', 'ვიდეო რეპორტაჟი მშენებლობის მიმდინარეობის შესახებ'),
(71, 'ka-GE', 'მალე'),
(72, 'ka-GE', 'სასტუმრო ჰილტონი'),
(73, 'ka-GE', 'პოზიციის ფორმირებაზე ყოველდღიური მუშაობის დაწყების მრავალფეროვანი და მდიდარი გამოცდილება საშუალებას გაძლევთ განახორციელოთ მნიშვნელოვანი ამოცანები პროგრესული განვითარების მიმართულებების შემუშავებისთვის. ორგანიზაციის ამოცანა, კერძოდ, მუდმივი რაოდენობრივი ზრდა და ჩვენი საქმიანობის სფერო, უზრუნველყოფს ფართო სპექტრის (სპეციალისტების) მონაწილეობას მასობრივი მონაწილეობის სისტემების ფორმირებაში.'),
(74, 'ka-GE', 'უფრო ვრცლად'),
(75, 'ka-GE', 'დეველოპერი'),
(76, 'ka-GE', '\"გრანდ მეისონი\" არის სამშენებლო და საინვესტიციო კომპანია.'),
(77, 'ka-GE', 'Профиль Компании:'),
(78, 'ka-GE', 'სამთავრობო შენობების, გვირაბების, ხიდების მშენებლობა და რეკონსტრუქცია.'),
(79, 'ka-GE', 'სამშენებლო მასალების წარმოება და რეალიზაცია'),
(80, 'ka-GE', 'საცხოვრებელი კომპლექსების მშენებლობა'),
(81, 'ka-GE', 'იხილეთ ინფორმაცია დასრულებული და მიმდინარე ტენდერების შესახებ'),
(82, 'ka-GE', 'ახალი ამბები'),
(83, 'ka-GE', 'Დაგვიკავშირდით'),
(85, 'ka-GE', 'უკან ზარი'),
(86, 'ka-GE', 'შეიყვანეთ თქვენი დეტალები და ჩვენ დაგირეკავთ');

-- --------------------------------------------------------

--
-- Структура таблицы `cali_lg_source_message`
--

CREATE TABLE `cali_lg_source_message` (
  `id` int(11) NOT NULL,
  `category` varchar(24) COLLATE utf8mb4_unicode_ci DEFAULT NULL,
  `message` text COLLATE utf8mb4_unicode_ci DEFAULT NULL
) ENGINE=InnoDB DEFAULT CHARSET=utf8mb4 COLLATE=utf8mb4_unicode_ci;

--
-- Дамп данных таблицы `cali_lg_source_message`
--

INSERT INTO `cali_lg_source_message` (`id`, `category`, `message`) VALUES
(1, 'frontend', 'Инфраструктура'),
(2, 'frontend', 'Галерея'),
(3, 'frontend', 'Планировки'),
(4, 'frontend', 'Новости'),
(5, 'frontend', 'О компании'),
(6, 'frontend', 'Контакты'),
(8, 'frontend', 'Жилой комплекс'),
(9, 'frontend', 'Видео о жилом комплексе'),
(10, 'frontend', 'Политика конфиденциальности'),
(11, 'frontend', 'Отель Хемптон'),
(12, 'frontend', 'SPA - центр'),
(13, 'frontend', 'Кинотеатр'),
(14, 'frontend', 'Казино'),
(15, 'frontend', 'Фитнес'),
(16, 'frontend', 'Бизнес центр'),
(17, 'frontend', 'Рестораны'),
(18, 'frontend', 'Детская комната'),
(19, 'frontend', 'Собственный пляж'),
(20, 'frontend', 'Озелененные террасы'),
(21, 'frontend', 'Бассейн'),
(22, 'frontend', 'Паркинг'),
(23, 'frontend', 'Инфраструктура'),
(24, 'frontend', 'Соцсети'),
(25, 'frontend', 'Навигация'),
(26, 'frontend', 'Главная'),
(27, 'frontend', 'О проекте'),
(28, 'frontend', 'Разнообразный и богатый опыт начало повседневной работы по формированию позиции позволяет выполнять важные задания по разработке направлений прогрессивного развития. '),
(29, 'frontend', 'Выберите блок'),
(30, 'frontend', 'Блок'),
(31, 'frontend', 'Поможем в выборе!'),
(32, 'frontend', 'Я согласен с условиями обработки персональных данных'),
(33, 'frontend', 'Отправить'),
(34, 'frontend', 'г. Баутми ул. Шартава 18'),
(35, 'frontend', 'Посмотреть'),
(36, 'frontend', 'Видео'),
(37, 'frontend', 'международный сетевой отелей Hampton by Hilton! Hampton by Hilton - известная сеть отелей, гостиницы которой представлены во многих странах. Хэмптон хотелс включает 1762 гостиницы. Единая база клиентов позволяет иметь ежегодную загрузку отеля. Высокий уровень сервиса и отсутствие конкурентов в Батуми, имеет большое преимущество.'),
(38, 'frontend', 'Будет иметь роскошное светлое пространство, отдельные зоны массажа и оздоровительных процедур. В отличие от большинства спа,которые рассчитаны на туристов, наш спа центр будет иметь — ориентацию на клиентов отеля и владельцев апартаментов, мы сделали упор на  благородные материалы в отделке, лаконичность дизайна и бесконечная элегантность.'),
(39, 'frontend', 'концепция калиграф таурс, также направлена на досуг с семьей. Вы сможете насладиться современным кинотеатром, с современной акустикой и 3D графикой.'),
(40, 'frontend', 'комплекс включает формат развлечений для лиц старше 21+, вас ждет казино и разнообразные игры в режиме 24 часа'),
(41, 'frontend', 'наша задача — создать все условия, чтобы спорт приносил не только пользу, но и удовольствие оснащенный новейшим спортивным оборудованием и всеми необходимыми тренажерами для профессионального спорта и любительских занятий'),
(42, 'frontend', 'отличное место для работы и отдыха, мы предусмотрели возможность работы в формате коворкинг зон для переговров и мероприятий.'),
(43, 'frontend', 'будут иметь свыше 3 видов кухни, приятная музыка, морской воздух. Высокая и традиционная Грузинская, Европейская, Азиатская кухня и кошерная.'),
(44, 'frontend', 'концепция отеля имеет детский клуб и анимацию для детей от 2 до 10 лет,  мы ценим ваш отдых и заботимся о ваших детях.'),
(45, 'frontend', 'ваш отдых будет иметь персональную зону на море, отдельный пляж и лежаки.'),
(46, 'frontend', 'сможете насладиться видами вечернего Батуми , футбольным матчем или концертом мирового масштаба не покидая комплекс'),
(47, 'frontend', 'входит в концепцию - подогреваемый бассейн. входит в концепцию - подогреваемый бассейн.'),
(48, 'frontend', 'входит в концепцию - подогреваемый бассейн.'),
(49, 'frontend', 'Паркинг на 300 парковочных мест'),
(50, 'frontend', 'Квартир на этаже'),
(51, 'frontend', 'Этажи'),
(52, 'frontend', 'Название'),
(53, 'frontend', 'Название квартиры'),
(54, 'frontend', 'Стоимость от'),
(55, 'frontend', 'Экспликация'),
(56, 'frontend', 'Кухня'),
(57, 'frontend', 'Спальня'),
(58, 'frontend', 'Гостинная'),
(59, 'frontend', 'Ванная'),
(60, 'frontend', 'Терраса'),
(61, 'frontend', 'Ванная'),
(63, 'frontend', 'Выбрать блок'),
(64, 'frontend', 'Скачать план ()'),
(65, 'frontend', 'Жилой дом'),
(66, 'frontend', 'Ход строительства'),
(68, 'frontend', 'Батуми'),
(69, 'frontend', 'Команда'),
(70, 'frontend', 'Видео отчет о ходе строительства'),
(71, 'frontend', 'Скоро'),
(72, 'frontend', 'Отель Хилтон'),
(73, 'frontend', 'Разнообразный и богатый опыт начало повседневной работы по формированию позиции позволяет выполнять важные задания по разработке направлений прогрессивного развития. Задача организации, в особенности же постоянный количественный рост и сфера нашей активности обеспечивает широкому кругу (специалистов) участие в формировании систем массового участия.'),
(74, 'frontend', 'подробнее'),
(75, 'frontend', 'Застройщик'),
(76, 'frontend', '“Grand Maison”- это строительная  и инвестиционная компания'),
(77, 'frontend', 'Профиль компании:'),
(78, 'frontend', 'Строительство и реконструкция государственных дорог, тоннелей, мостов'),
(79, 'frontend', 'Производство и продажа строительных материалов'),
(80, 'frontend', 'Строительство жилых комплексов'),
(81, 'frontend', 'Смотрите информацию о завершенных и текущих тендерах'),
(82, 'frontend', 'Новости'),
(83, 'frontend', 'Свяжитесь с нами'),
(85, 'frontend', 'Обратный звонок'),
(86, 'frontend', 'Введите ваши данные и мы Вам перезвоним');

-- --------------------------------------------------------

--
-- Структура таблицы `cali_migration`
--

CREATE TABLE `cali_migration` (
  `version` varchar(180) COLLATE utf8mb4_unicode_ci NOT NULL,
  `apply_time` int(11) DEFAULT NULL
) ENGINE=InnoDB DEFAULT CHARSET=utf8mb4 COLLATE=utf8mb4_unicode_ci;

--
-- Дамп данных таблицы `cali_migration`
--

INSERT INTO `cali_migration` (`version`, `apply_time`) VALUES
('m000000_000000_base', 1636093815),
('m130524_201442_init', 1636093818),
('m190124_110200_add_verification_token_column_to_user_table', 1636093818),
('m210926_181806_create_feedback_table', 1636093818),
('m210927_160318_create_language_table', 1636093818),
('m210927_170137_create_lg_message_table', 1636093818),
('m210928_061335_create_lg_source_message_table', 1636093818),
('m210930_113013_create_floor_table', 1636093818),
('m210930_142756_create_apartments_table', 1636093819),
('m211001_050714_create_apartment_info_table', 1636093819),
('m211001_050742_create_apartment_translation_table', 1636093819),
('m211001_095754_create_apartment_gallery_table', 1636093819),
('m211116_125251_create_userinfo_table', 1637075730),
('m211124_082728_create_news_table', 1637758672),
('m211126_121329_create_floor_a_table', 1638090542),
('m211126_121338_create_floor_b_table', 1638090542),
('m211126_121346_create_floor_c_table', 1638090542),
('m211126_121520_create_apartments_a_table', 1638090542),
('m211126_121530_create_apartments_b_table', 1638090543),
('m211126_121542_create_apartments_c_table', 1638090543);

-- --------------------------------------------------------

--
-- Структура таблицы `cali_news`
--

CREATE TABLE `cali_news` (
  `id` int(11) NOT NULL,
  `title_ru` varchar(255) COLLATE utf8mb4_unicode_ci DEFAULT NULL,
  `title_en` varchar(255) COLLATE utf8mb4_unicode_ci DEFAULT NULL,
  `title_ge` varchar(255) COLLATE utf8mb4_unicode_ci DEFAULT NULL,
  `title_he` varchar(255) COLLATE utf8mb4_unicode_ci DEFAULT NULL,
  `slug` varchar(255) COLLATE utf8mb4_unicode_ci DEFAULT NULL,
  `image` varchar(255) COLLATE utf8mb4_unicode_ci DEFAULT NULL,
  `ru` text COLLATE utf8mb4_unicode_ci DEFAULT NULL,
  `en` text COLLATE utf8mb4_unicode_ci DEFAULT NULL,
  `ge` text COLLATE utf8mb4_unicode_ci DEFAULT NULL,
  `he` text COLLATE utf8mb4_unicode_ci DEFAULT NULL,
  `active` smallint(1) NOT NULL DEFAULT 0,
  `created_at` varchar(22) COLLATE utf8mb4_unicode_ci DEFAULT NULL,
  `updated_at` varchar(22) COLLATE utf8mb4_unicode_ci DEFAULT NULL
) ENGINE=InnoDB DEFAULT CHARSET=utf8mb4 COLLATE=utf8mb4_unicode_ci;

--
-- Дамп данных таблицы `cali_news`
--

INSERT INTO `cali_news` (`id`, `title_ru`, `title_en`, `title_ge`, `title_he`, `slug`, `image`, `ru`, `en`, `ge`, `he`, `active`, `created_at`, `updated_at`) VALUES
(1, 'йцукйцукйцукйцук', NULL, NULL, NULL, 'asdf', NULL, 'фыаваыф', NULL, NULL, NULL, 1, '2021-11-24 21:16:10', '2021-11-26 12:03:15'),
(2, 'фывафыва', NULL, NULL, NULL, '12341', '', 'фывафывафыва', NULL, NULL, NULL, 1, '2021-11-24 21:17:27', NULL),
(3, '1241243', NULL, NULL, NULL, '1234312343', '', '13412341243', NULL, NULL, NULL, 1, '2021-11-24 21:19:06', NULL),
(4, 'фыввафываа', NULL, NULL, NULL, 'фывваафыввафы', '', 'фываафывыф', NULL, NULL, NULL, 1, '2021-11-24 21:33:09', NULL),
(5, 'ыаыфаы', NULL, NULL, NULL, '111111', '', 'йцукйцукй', NULL, NULL, NULL, 1, '2021-11-25 12:39:27', NULL),
(6, 'йцуйцуыаацу3', NULL, NULL, NULL, '12121ё21212', NULL, 'ыфвйуацафыйцуцу', NULL, NULL, NULL, 1, '2021-11-25 12:44:04', NULL),
(7, 'фываываыв', NULL, NULL, NULL, '111111йцук', '56730-Снимок экрана от 2021-07-29 16-50-31.png', 'йцукйцукйцуыавфафыва', NULL, NULL, NULL, 1, '2021-11-25 12:47:17', NULL),
(8, 'qwersfad', NULL, NULL, NULL, 'qwerqwrsafa', '2a525-Снимок экрана от 2021-06-30 08-51-38.png', 'sdfasdfasfasfasf', NULL, NULL, NULL, 0, '2021-11-25 15:17:16', NULL),
(9, 'aasssss', NULL, NULL, NULL, 'ssssssssssssss', '9be52-Снимок экрана от 2021-07-29 17-18-05.png', 'ssadfasfasfasf', NULL, NULL, NULL, 1, '2021-11-25 15:17:53', NULL),
(10, 'фыва', NULL, NULL, NULL, 'фывафыв', NULL, 'фывафыва', NULL, NULL, NULL, 0, '2021-11-25 16:36:43', '2021-11-26 12:03:27');

-- --------------------------------------------------------

--
-- Структура таблицы `cali_user`
--

CREATE TABLE `cali_user` (
  `id` int(11) NOT NULL,
  `username` varchar(255) COLLATE utf8_unicode_ci NOT NULL,
  `auth_key` varchar(32) COLLATE utf8_unicode_ci NOT NULL,
  `password_hash` varchar(255) COLLATE utf8_unicode_ci NOT NULL,
  `password_reset_token` varchar(255) COLLATE utf8_unicode_ci DEFAULT NULL,
  `email` varchar(255) COLLATE utf8_unicode_ci NOT NULL,
  `status` smallint(6) NOT NULL DEFAULT 10,
  `created_at` int(11) NOT NULL,
  `updated_at` int(11) NOT NULL,
  `verification_token` varchar(255) COLLATE utf8_unicode_ci DEFAULT NULL
) ENGINE=InnoDB DEFAULT CHARSET=utf8 COLLATE=utf8_unicode_ci;

--
-- Дамп данных таблицы `cali_user`
--

INSERT INTO `cali_user` (`id`, `username`, `auth_key`, `password_hash`, `password_reset_token`, `email`, `status`, `created_at`, `updated_at`, `verification_token`) VALUES
(1, 'graph', 'kx6uPOL6o9xS4ziTV4yxBpIRDLyqKsPa', '$2y$13$c80myUC7ABFtI5mCCJaku.W3Tm/YDqAylrS9UogxLDV9DJitIU202', NULL, 'zdvxfb@mail.ru', 10, 1636294697, 1636294814, '0eg2FJt2jxgLEk-MG0RGOVIX7GaTXf4a_1636294697');

-- --------------------------------------------------------

--
-- Структура таблицы `cali_userinfo`
--

CREATE TABLE `cali_userinfo` (
  `id` int(11) NOT NULL,
  `user_id` int(11) NOT NULL,
  `phone` varchar(255) COLLATE utf8mb4_unicode_ci DEFAULT NULL,
  `mail` varchar(255) COLLATE utf8mb4_unicode_ci DEFAULT NULL,
  `fb` varchar(255) COLLATE utf8mb4_unicode_ci DEFAULT NULL,
  `youtube` varchar(255) COLLATE utf8mb4_unicode_ci DEFAULT NULL,
  `telegram` varchar(255) COLLATE utf8mb4_unicode_ci DEFAULT NULL,
  `instagram` varchar(255) COLLATE utf8mb4_unicode_ci DEFAULT NULL,
  `whats_app` varchar(255) COLLATE utf8mb4_unicode_ci DEFAULT NULL,
  `viber` varchar(255) COLLATE utf8mb4_unicode_ci DEFAULT NULL
) ENGINE=InnoDB DEFAULT CHARSET=utf8mb4 COLLATE=utf8mb4_unicode_ci;

--
-- Дамп данных таблицы `cali_userinfo`
--

INSERT INTO `cali_userinfo` (`id`, `user_id`, `phone`, `mail`, `fb`, `youtube`, `telegram`, `instagram`, `whats_app`, `viber`) VALUES
(1, 1, '995571075555', NULL, 'https://www.facebook.com/calligraphytowersbatumi/', 'https://www.youtube.com/watch?v=SZD8WhjLZPg', NULL, 'https://www.instagram.com/calligraphy_towers_official/', '995571075555', '995571075555');

--
-- Индексы сохранённых таблиц
--

--
-- Индексы таблицы `cali_apartments`
--
ALTER TABLE `cali_apartments`
  ADD PRIMARY KEY (`id`),
  ADD KEY `floors-apartments` (`floor_num`);

--
-- Индексы таблицы `cali_apartments_a`
--
ALTER TABLE `cali_apartments_a`
  ADD PRIMARY KEY (`id`),
  ADD KEY `floors_a-apartments_a` (`floor_num`);

--
-- Индексы таблицы `cali_apartments_b`
--
ALTER TABLE `cali_apartments_b`
  ADD PRIMARY KEY (`id`),
  ADD KEY `floors_b-apartments_b` (`floor_num`);

--
-- Индексы таблицы `cali_apartments_c`
--
ALTER TABLE `cali_apartments_c`
  ADD PRIMARY KEY (`id`),
  ADD KEY `floors_c-apartments_c` (`floor_num`);

--
-- Индексы таблицы `cali_apartment_gallery`
--
ALTER TABLE `cali_apartment_gallery`
  ADD PRIMARY KEY (`id`),
  ADD KEY `apartments-apartment_gallery` (`gallery_id`);

--
-- Индексы таблицы `cali_apartment_info`
--
ALTER TABLE `cali_apartment_info`
  ADD PRIMARY KEY (`id`),
  ADD KEY `apartments-apartment_info` (`apartment_id`);

--
-- Индексы таблицы `cali_apartment_translation`
--
ALTER TABLE `cali_apartment_translation`
  ADD PRIMARY KEY (`id`),
  ADD KEY `apartments-apartment_translation` (`translation_id`);

--
-- Индексы таблицы `cali_feedback`
--
ALTER TABLE `cali_feedback`
  ADD PRIMARY KEY (`id`);

--
-- Индексы таблицы `cali_floor`
--
ALTER TABLE `cali_floor`
  ADD PRIMARY KEY (`id`),
  ADD UNIQUE KEY `floor` (`floor`);

--
-- Индексы таблицы `cali_floor_a`
--
ALTER TABLE `cali_floor_a`
  ADD PRIMARY KEY (`id`),
  ADD UNIQUE KEY `floor` (`floor`);

--
-- Индексы таблицы `cali_floor_b`
--
ALTER TABLE `cali_floor_b`
  ADD PRIMARY KEY (`id`),
  ADD UNIQUE KEY `floor` (`floor`);

--
-- Индексы таблицы `cali_floor_c`
--
ALTER TABLE `cali_floor_c`
  ADD PRIMARY KEY (`id`),
  ADD UNIQUE KEY `floor` (`floor`);

--
-- Индексы таблицы `cali_language`
--
ALTER TABLE `cali_language`
  ADD PRIMARY KEY (`id`),
  ADD KEY `idx-language-key` (`key`);

--
-- Индексы таблицы `cali_lg_message`
--
ALTER TABLE `cali_lg_message`
  ADD PRIMARY KEY (`id`,`language`),
  ADD KEY `idx-lg_message-language` (`language`);

--
-- Индексы таблицы `cali_lg_source_message`
--
ALTER TABLE `cali_lg_source_message`
  ADD PRIMARY KEY (`id`),
  ADD KEY `idx-lg_source_message-category` (`category`);

--
-- Индексы таблицы `cali_migration`
--
ALTER TABLE `cali_migration`
  ADD PRIMARY KEY (`version`);

--
-- Индексы таблицы `cali_news`
--
ALTER TABLE `cali_news`
  ADD PRIMARY KEY (`id`);

--
-- Индексы таблицы `cali_user`
--
ALTER TABLE `cali_user`
  ADD PRIMARY KEY (`id`),
  ADD UNIQUE KEY `username` (`username`),
  ADD UNIQUE KEY `email` (`email`),
  ADD UNIQUE KEY `password_reset_token` (`password_reset_token`);

--
-- Индексы таблицы `cali_userinfo`
--
ALTER TABLE `cali_userinfo`
  ADD PRIMARY KEY (`id`),
  ADD KEY `user-userinfo` (`user_id`);

--
-- AUTO_INCREMENT для сохранённых таблиц
--

--
-- AUTO_INCREMENT для таблицы `cali_apartments`
--
ALTER TABLE `cali_apartments`
  MODIFY `id` int(11) NOT NULL AUTO_INCREMENT;

--
-- AUTO_INCREMENT для таблицы `cali_apartments_a`
--
ALTER TABLE `cali_apartments_a`
  MODIFY `id` int(11) NOT NULL AUTO_INCREMENT, AUTO_INCREMENT=444;

--
-- AUTO_INCREMENT для таблицы `cali_apartments_b`
--
ALTER TABLE `cali_apartments_b`
  MODIFY `id` int(11) NOT NULL AUTO_INCREMENT, AUTO_INCREMENT=1102;

--
-- AUTO_INCREMENT для таблицы `cali_apartments_c`
--
ALTER TABLE `cali_apartments_c`
  MODIFY `id` int(11) NOT NULL AUTO_INCREMENT;

--
-- AUTO_INCREMENT для таблицы `cali_apartment_gallery`
--
ALTER TABLE `cali_apartment_gallery`
  MODIFY `id` int(11) NOT NULL AUTO_INCREMENT;

--
-- AUTO_INCREMENT для таблицы `cali_apartment_info`
--
ALTER TABLE `cali_apartment_info`
  MODIFY `id` int(11) NOT NULL AUTO_INCREMENT;

--
-- AUTO_INCREMENT для таблицы `cali_apartment_translation`
--
ALTER TABLE `cali_apartment_translation`
  MODIFY `id` int(11) NOT NULL AUTO_INCREMENT;

--
-- AUTO_INCREMENT для таблицы `cali_feedback`
--
ALTER TABLE `cali_feedback`
  MODIFY `id` int(11) NOT NULL AUTO_INCREMENT, AUTO_INCREMENT=44;

--
-- AUTO_INCREMENT для таблицы `cali_floor`
--
ALTER TABLE `cali_floor`
  MODIFY `id` int(11) NOT NULL AUTO_INCREMENT;

--
-- AUTO_INCREMENT для таблицы `cali_floor_a`
--
ALTER TABLE `cali_floor_a`
  MODIFY `id` int(11) NOT NULL AUTO_INCREMENT, AUTO_INCREMENT=26;

--
-- AUTO_INCREMENT для таблицы `cali_floor_b`
--
ALTER TABLE `cali_floor_b`
  MODIFY `id` int(11) NOT NULL AUTO_INCREMENT, AUTO_INCREMENT=44;

--
-- AUTO_INCREMENT для таблицы `cali_floor_c`
--
ALTER TABLE `cali_floor_c`
  MODIFY `id` int(11) NOT NULL AUTO_INCREMENT;

--
-- AUTO_INCREMENT для таблицы `cali_language`
--
ALTER TABLE `cali_language`
  MODIFY `id` int(11) NOT NULL AUTO_INCREMENT, AUTO_INCREMENT=4;

--
-- AUTO_INCREMENT для таблицы `cali_lg_source_message`
--
ALTER TABLE `cali_lg_source_message`
  MODIFY `id` int(11) NOT NULL AUTO_INCREMENT, AUTO_INCREMENT=87;

--
-- AUTO_INCREMENT для таблицы `cali_news`
--
ALTER TABLE `cali_news`
  MODIFY `id` int(11) NOT NULL AUTO_INCREMENT, AUTO_INCREMENT=11;

--
-- AUTO_INCREMENT для таблицы `cali_user`
--
ALTER TABLE `cali_user`
  MODIFY `id` int(11) NOT NULL AUTO_INCREMENT, AUTO_INCREMENT=2;

--
-- AUTO_INCREMENT для таблицы `cali_userinfo`
--
ALTER TABLE `cali_userinfo`
  MODIFY `id` int(11) NOT NULL AUTO_INCREMENT, AUTO_INCREMENT=4;

--
-- Ограничения внешнего ключа сохраненных таблиц
--

--
-- Ограничения внешнего ключа таблицы `cali_apartments`
--
ALTER TABLE `cali_apartments`
  ADD CONSTRAINT `floors-apartments` FOREIGN KEY (`floor_num`) REFERENCES `cali_floor` (`floor`) ON DELETE CASCADE;

--
-- Ограничения внешнего ключа таблицы `cali_apartments_a`
--
ALTER TABLE `cali_apartments_a`
  ADD CONSTRAINT `floors_a-apartments_a` FOREIGN KEY (`floor_num`) REFERENCES `cali_floor_a` (`floor`) ON DELETE CASCADE;

--
-- Ограничения внешнего ключа таблицы `cali_apartments_b`
--
ALTER TABLE `cali_apartments_b`
  ADD CONSTRAINT `floors_b-apartments_b` FOREIGN KEY (`floor_num`) REFERENCES `cali_floor_b` (`floor`) ON DELETE CASCADE;

--
-- Ограничения внешнего ключа таблицы `cali_apartments_c`
--
ALTER TABLE `cali_apartments_c`
  ADD CONSTRAINT `floors_c-apartments_c` FOREIGN KEY (`floor_num`) REFERENCES `cali_floor_c` (`floor`) ON DELETE CASCADE;

--
-- Ограничения внешнего ключа таблицы `cali_apartment_gallery`
--
ALTER TABLE `cali_apartment_gallery`
  ADD CONSTRAINT `apartments-apartment_gallery` FOREIGN KEY (`gallery_id`) REFERENCES `cali_apartments` (`id`) ON DELETE CASCADE;

--
-- Ограничения внешнего ключа таблицы `cali_apartment_info`
--
ALTER TABLE `cali_apartment_info`
  ADD CONSTRAINT `apartments-apartment_info` FOREIGN KEY (`apartment_id`) REFERENCES `cali_apartments` (`id`) ON DELETE CASCADE;

--
-- Ограничения внешнего ключа таблицы `cali_apartment_translation`
--
ALTER TABLE `cali_apartment_translation`
  ADD CONSTRAINT `apartments-apartment_translation` FOREIGN KEY (`translation_id`) REFERENCES `cali_apartments` (`id`) ON DELETE CASCADE;

--
-- Ограничения внешнего ключа таблицы `cali_lg_message`
--
ALTER TABLE `cali_lg_message`
  ADD CONSTRAINT `fk_source_message-message` FOREIGN KEY (`id`) REFERENCES `cali_lg_source_message` (`id`) ON DELETE CASCADE,
  ADD CONSTRAINT `language-lg_message` FOREIGN KEY (`language`) REFERENCES `cali_language` (`key`) ON DELETE CASCADE;

--
-- Ограничения внешнего ключа таблицы `cali_userinfo`
--
ALTER TABLE `cali_userinfo`
  ADD CONSTRAINT `user-userinfo` FOREIGN KEY (`user_id`) REFERENCES `cali_user` (`id`) ON DELETE CASCADE;
COMMIT;

/*!40101 SET CHARACTER_SET_CLIENT=@OLD_CHARACTER_SET_CLIENT */;
/*!40101 SET CHARACTER_SET_RESULTS=@OLD_CHARACTER_SET_RESULTS */;
/*!40101 SET COLLATION_CONNECTION=@OLD_COLLATION_CONNECTION */;
